2025-11-07T22:42:02.031Z INFO  o.h.validator.internal.util.Version - HV000001: Hibernate Validator 8.0.1.Final
2025-11-07T22:42:02.216Z INFO  x.t.c.m.r.controller.VoucherNostrIT - Starting VoucherNostrIT using Java 21.0.5 with PID 1385225 (started by eric in /home/eric/IdeaProjects/cashu-mint/cashu-mint-rest-it)
2025-11-07T22:42:02.219Z DEBUG x.t.c.m.r.controller.VoucherNostrIT - Running with Spring Boot v3.5.5, Spring v6.2.10
2025-11-07T22:42:02.221Z INFO  x.t.c.m.r.controller.VoucherNostrIT - The following 1 profile is active: "test"
2025-11-07T22:42:08.182Z INFO  x.t.cashu.voucher.app.VoucherService - VoucherService initialized with issuer public key: 4cb5abf6...
2025-11-07T22:42:11.542Z INFO  o.s.b.a.e.web.EndpointLinksResolver - Exposing 2 endpoints beneath base path '/actuator'
2025-11-07T22:42:11.719Z INFO  x.t.c.m.r.controller.VoucherNostrIT - Started VoucherNostrIT in 10.229 seconds (process running for 14.009)
2025-11-07T22:42:11.917Z INFO  x.t.c.m.r.CashuMintRestApplication - Diagnostics: classpath app.properties gateway.bolt11=null gateway.bolt11.sat=null
2025-11-07T22:42:11.924Z INFO  x.t.c.m.r.CashuMintRestApplication - Diagnostics: PhoenixdGateway present. package=xyz.tcheeric.gateway.phoenixd version=null
2025-11-07T22:42:12.160Z INFO  x.t.cashu.voucher.app.VoucherService - Issuing voucher: issuerId=test-merchant, unit=sat, amount=1000
2025-11-07T22:42:12.234Z DEBUG x.t.cashu.voucher.app.VoucherService - Created voucher with auto-generated ID: c2231b19-53a6-4d91-8107-36e198b70518
2025-11-07T22:42:13.379Z DEBUG x.t.c.v.d.VoucherSignatureService - Signed voucher c2231b19-53a6-4d91-8107-36e198b70518 (issuerId=test-merchant) with signature length=64
2025-11-07T22:42:13.379Z DEBUG x.t.cashu.voucher.app.VoucherService - Voucher signed successfully
2025-11-07T22:42:13.398Z INFO  x.t.cashu.voucher.app.VoucherService - Voucher published to ledger: voucherId=c2231b19-53a6-4d91-8107-36e198b70518, status=ISSUED
2025-11-07T22:42:13.401Z WARN  x.t.cashu.voucher.app.VoucherService - Using placeholder token serialization - full implementation pending
2025-11-07T22:42:13.408Z INFO  x.t.cashu.voucher.app.VoucherService - Restoring vouchers from backup
2025-11-07T22:42:13.411Z INFO  x.t.cashu.voucher.app.VoucherService - Successfully restored 3 voucher(s)
2025-11-07T22:42:13.495Z INFO  x.t.cashu.voucher.app.VoucherService - Issuing voucher: issuerId=merchant-X, unit=sat, amount=1000
2025-11-07T22:42:13.499Z DEBUG x.t.cashu.voucher.app.VoucherService - Created voucher with auto-generated ID: e2af9363-08b3-4db8-b311-0cf2d7b84003
2025-11-07T22:42:13.501Z DEBUG x.t.c.v.d.VoucherSignatureService - Signed voucher e2af9363-08b3-4db8-b311-0cf2d7b84003 (issuerId=merchant-X) with signature length=64
2025-11-07T22:42:13.507Z DEBUG x.t.cashu.voucher.app.VoucherService - Voucher signed successfully
2025-11-07T22:42:13.514Z INFO  x.t.cashu.voucher.app.VoucherService - Voucher published to ledger: voucherId=e2af9363-08b3-4db8-b311-0cf2d7b84003, status=ISSUED
2025-11-07T22:42:13.515Z WARN  x.t.cashu.voucher.app.VoucherService - Using placeholder token serialization - full implementation pending
2025-11-07T22:42:13.516Z INFO  x.t.cashu.voucher.app.VoucherService - Backing up 1 voucher(s)
2025-11-07T22:42:13.522Z INFO  x.t.cashu.voucher.app.VoucherService - Successfully backed up 1 voucher(s)
2025-11-07T22:42:13.542Z INFO  x.t.cashu.voucher.app.VoucherService - Restoring vouchers from backup
2025-11-07T22:42:13.544Z INFO  x.t.cashu.voucher.app.VoucherService - Successfully restored 1 voucher(s)
2025-11-07T22:42:13.584Z INFO  x.t.cashu.voucher.app.VoucherService - Issuing voucher: issuerId=merchant-1, unit=sat, amount=1000
2025-11-07T22:42:13.585Z DEBUG x.t.cashu.voucher.app.VoucherService - Created voucher with auto-generated ID: 97c8a5d8-4023-4a08-accd-aef2ee054564
2025-11-07T22:42:13.591Z DEBUG x.t.c.v.d.VoucherSignatureService - Signed voucher 97c8a5d8-4023-4a08-accd-aef2ee054564 (issuerId=merchant-1) with signature length=64
2025-11-07T22:42:13.592Z DEBUG x.t.cashu.voucher.app.VoucherService - Voucher signed successfully
2025-11-07T22:42:13.593Z INFO  x.t.cashu.voucher.app.VoucherService - Voucher published to ledger: voucherId=97c8a5d8-4023-4a08-accd-aef2ee054564, status=ISSUED
2025-11-07T22:42:13.593Z WARN  x.t.cashu.voucher.app.VoucherService - Using placeholder token serialization - full implementation pending
2025-11-07T22:42:13.594Z INFO  x.t.cashu.voucher.app.VoucherService - Issuing voucher: issuerId=merchant-2, unit=sat, amount=2000
2025-11-07T22:42:13.595Z DEBUG x.t.cashu.voucher.app.VoucherService - Created voucher with auto-generated ID: 3473fc0e-2486-49f6-99d7-11ed880f2d49
2025-11-07T22:42:13.601Z DEBUG x.t.c.v.d.VoucherSignatureService - Signed voucher 3473fc0e-2486-49f6-99d7-11ed880f2d49 (issuerId=merchant-2) with signature length=64
2025-11-07T22:42:13.602Z DEBUG x.t.cashu.voucher.app.VoucherService - Voucher signed successfully
2025-11-07T22:42:13.603Z INFO  x.t.cashu.voucher.app.VoucherService - Voucher published to ledger: voucherId=3473fc0e-2486-49f6-99d7-11ed880f2d49, status=ISSUED
2025-11-07T22:42:13.604Z WARN  x.t.cashu.voucher.app.VoucherService - Using placeholder token serialization - full implementation pending
2025-11-07T22:42:13.604Z INFO  x.t.cashu.voucher.app.VoucherService - Issuing voucher: issuerId=merchant-3, unit=usd, amount=5000
2025-11-07T22:42:13.604Z DEBUG x.t.cashu.voucher.app.VoucherService - Created voucher with auto-generated ID: 87d3696d-55b3-4ad2-a267-6cefdb83c3ac
2025-11-07T22:42:13.606Z DEBUG x.t.c.v.d.VoucherSignatureService - Signed voucher 87d3696d-55b3-4ad2-a267-6cefdb83c3ac (issuerId=merchant-3) with signature length=64
2025-11-07T22:42:13.607Z DEBUG x.t.cashu.voucher.app.VoucherService - Voucher signed successfully
2025-11-07T22:42:13.608Z INFO  x.t.cashu.voucher.app.VoucherService - Voucher published to ledger: voucherId=87d3696d-55b3-4ad2-a267-6cefdb83c3ac, status=ISSUED
2025-11-07T22:42:13.608Z WARN  x.t.cashu.voucher.app.VoucherService - Using placeholder token serialization - full implementation pending
2025-11-07T22:42:13.659Z INFO  x.t.cashu.voucher.app.VoucherService - Issuing voucher: issuerId=merchant-A, unit=sat, amount=5000
2025-11-07T22:42:13.659Z DEBUG x.t.cashu.voucher.app.VoucherService - Created voucher with auto-generated ID: ae3b2a2a-f843-4d9c-8c85-c95f1e1a4c9a
2025-11-07T22:42:13.669Z DEBUG x.t.c.v.d.VoucherSignatureService - Signed voucher ae3b2a2a-f843-4d9c-8c85-c95f1e1a4c9a (issuerId=merchant-A) with signature length=64
2025-11-07T22:42:13.669Z DEBUG x.t.cashu.voucher.app.VoucherService - Voucher signed successfully
2025-11-07T22:42:13.670Z INFO  x.t.cashu.voucher.app.VoucherService - Voucher published to ledger: voucherId=ae3b2a2a-f843-4d9c-8c85-c95f1e1a4c9a, status=ISSUED
2025-11-07T22:42:13.670Z WARN  x.t.cashu.voucher.app.VoucherService - Using placeholder token serialization - full implementation pending
2025-11-07T22:42:13.671Z INFO  x.t.cashu.voucher.app.VoucherService - Issuing voucher: issuerId=merchant-B, unit=sat, amount=10000
2025-11-07T22:42:13.671Z DEBUG x.t.cashu.voucher.app.VoucherService - Created voucher with auto-generated ID: e37c19a7-7d24-4b8c-98b5-5cdc91065a6b
2025-11-07T22:42:13.680Z DEBUG x.t.c.v.d.VoucherSignatureService - Signed voucher e37c19a7-7d24-4b8c-98b5-5cdc91065a6b (issuerId=merchant-B) with signature length=64
2025-11-07T22:42:13.681Z DEBUG x.t.cashu.voucher.app.VoucherService - Voucher signed successfully
2025-11-07T22:42:13.689Z INFO  x.t.cashu.voucher.app.VoucherService - Voucher published to ledger: voucherId=e37c19a7-7d24-4b8c-98b5-5cdc91065a6b, status=ISSUED
2025-11-07T22:42:13.689Z WARN  x.t.cashu.voucher.app.VoucherService - Using placeholder token serialization - full implementation pending
2025-11-07T22:42:13.689Z INFO  x.t.cashu.voucher.app.VoucherService - Issuing voucher: issuerId=merchant-C, unit=usd, amount=2500
2025-11-07T22:42:13.690Z DEBUG x.t.cashu.voucher.app.VoucherService - Created voucher with auto-generated ID: 040bc495-be8a-4a94-aa61-34e93798a476
2025-11-07T22:42:13.699Z DEBUG x.t.c.v.d.VoucherSignatureService - Signed voucher 040bc495-be8a-4a94-aa61-34e93798a476 (issuerId=merchant-C) with signature length=64
2025-11-07T22:42:13.699Z DEBUG x.t.cashu.voucher.app.VoucherService - Voucher signed successfully
2025-11-07T22:42:13.703Z INFO  x.t.cashu.voucher.app.VoucherService - Voucher published to ledger: voucherId=040bc495-be8a-4a94-aa61-34e93798a476, status=ISSUED
2025-11-07T22:42:13.704Z WARN  x.t.cashu.voucher.app.VoucherService - Using placeholder token serialization - full implementation pending
2025-11-07T22:42:13.710Z INFO  x.t.cashu.voucher.app.VoucherService - Backing up 3 voucher(s)
2025-11-07T22:42:13.711Z INFO  x.t.cashu.voucher.app.VoucherService - Successfully backed up 3 voucher(s)
2025-11-07T22:42:13.719Z INFO  x.t.cashu.voucher.app.VoucherService - Restoring vouchers from backup
2025-11-07T22:42:13.719Z INFO  x.t.cashu.voucher.app.VoucherService - Successfully restored 3 voucher(s)
2025-11-07T22:42:13.742Z DEBUG x.t.c.v.d.VoucherSignatureService - Verified voucher ae3b2a2a-f843-4d9c-8c85-c95f1e1a4c9a (issuerId=merchant-A): VALID
2025-11-07T22:42:13.824Z INFO  x.t.cashu.voucher.app.VoucherService - Issuing voucher: issuerId=test-merchant, unit=sat, amount=5000
2025-11-07T22:42:13.827Z DEBUG x.t.cashu.voucher.app.VoucherService - Voucher will expire at: 2025-12-07T22:42:13Z (in 30 days)
2025-11-07T22:42:13.828Z DEBUG x.t.cashu.voucher.app.VoucherService - Created voucher with auto-generated ID: 5f0122e6-4825-4472-b22c-586ca0114a95
2025-11-07T22:42:13.848Z DEBUG x.t.c.v.d.VoucherSignatureService - Signed voucher 5f0122e6-4825-4472-b22c-586ca0114a95 (issuerId=test-merchant) with signature length=64
2025-11-07T22:42:13.848Z DEBUG x.t.cashu.voucher.app.VoucherService - Voucher signed successfully
2025-11-07T22:42:13.849Z INFO  x.t.cashu.voucher.app.VoucherService - Voucher published to ledger: voucherId=5f0122e6-4825-4472-b22c-586ca0114a95, status=ISSUED
2025-11-07T22:42:13.849Z WARN  x.t.cashu.voucher.app.VoucherService - Using placeholder token serialization - full implementation pending
2025-11-07T22:42:13.933Z DEBUG x.t.cashu.voucher.app.VoucherService - Querying voucher status: voucherId=non-existent
2025-11-07T22:42:13.934Z DEBUG x.t.cashu.voucher.app.VoucherService - Voucher not found in ledger: voucherId=non-existent
2025-11-07T22:42:13.971Z DEBUG x.t.cashu.voucher.app.VoucherService - Querying voucher status: voucherId=test-voucher-123
2025-11-07T22:42:13.976Z DEBUG x.t.cashu.voucher.app.VoucherService - Voucher status found: voucherId=test-voucher-123, status=ISSUED
2025-11-07T22:42:14.025Z INFO  x.t.cashu.voucher.app.VoucherService - Issuing voucher: issuerId=merchant-e2e-test, unit=sat, amount=10000
2025-11-07T22:42:14.026Z DEBUG x.t.cashu.voucher.app.VoucherService - Voucher will expire at: 2026-11-07T22:42:14Z (in 365 days)
2025-11-07T22:42:14.026Z DEBUG x.t.cashu.voucher.app.VoucherService - Created voucher with auto-generated ID: dabb5b92-70b6-48d6-a7bc-62cf38c611be
2025-11-07T22:42:14.028Z DEBUG x.t.c.v.d.VoucherSignatureService - Signed voucher dabb5b92-70b6-48d6-a7bc-62cf38c611be (issuerId=merchant-e2e-test) with signature length=64
2025-11-07T22:42:14.028Z DEBUG x.t.cashu.voucher.app.VoucherService - Voucher signed successfully
2025-11-07T22:42:14.028Z INFO  x.t.cashu.voucher.app.VoucherService - Voucher published to ledger: voucherId=dabb5b92-70b6-48d6-a7bc-62cf38c611be, status=ISSUED
2025-11-07T22:42:14.029Z WARN  x.t.cashu.voucher.app.VoucherService - Using placeholder token serialization - full implementation pending
2025-11-07T22:42:14.030Z DEBUG x.t.c.v.d.VoucherSignatureService - Verified voucher dabb5b92-70b6-48d6-a7bc-62cf38c611be (issuerId=merchant-e2e-test): VALID
2025-11-07T22:42:14.032Z DEBUG x.t.cashu.voucher.app.VoucherService - Querying voucher status: voucherId=dabb5b92-70b6-48d6-a7bc-62cf38c611be
2025-11-07T22:42:14.033Z DEBUG x.t.cashu.voucher.app.VoucherService - Voucher status found: voucherId=dabb5b92-70b6-48d6-a7bc-62cf38c611be, status=ISSUED
2025-11-07T22:42:14.038Z DEBUG x.t.c.v.d.VoucherSignatureService - Verified voucher dabb5b92-70b6-48d6-a7bc-62cf38c611be (issuerId=merchant-e2e-test): VALID
2025-11-07T22:42:14.078Z INFO  x.t.cashu.voucher.app.VoucherService - Issuing voucher: issuerId=coffee-shop, unit=sat, amount=5000
2025-11-07T22:42:14.080Z DEBUG x.t.cashu.voucher.app.VoucherService - Voucher will expire at: 2025-12-07T22:42:14Z (in 30 days)
2025-11-07T22:42:14.081Z DEBUG x.t.cashu.voucher.app.VoucherService - Created voucher with auto-generated ID: 33ccbba7-29d2-4849-84e5-e1169359dd4b
2025-11-07T22:42:14.085Z DEBUG x.t.c.v.d.VoucherSignatureService - Signed voucher 33ccbba7-29d2-4849-84e5-e1169359dd4b (issuerId=coffee-shop) with signature length=64
2025-11-07T22:42:14.087Z DEBUG x.t.cashu.voucher.app.VoucherService - Voucher signed successfully
2025-11-07T22:42:14.087Z INFO  x.t.cashu.voucher.app.VoucherService - Voucher published to ledger: voucherId=33ccbba7-29d2-4849-84e5-e1169359dd4b, status=ISSUED
2025-11-07T22:42:14.087Z WARN  x.t.cashu.voucher.app.VoucherService - Using placeholder token serialization - full implementation pending
2025-11-07T22:42:14.088Z INFO  x.t.cashu.voucher.app.VoucherService - Issuing voucher: issuerId=book-store, unit=sat, amount=10000
2025-11-07T22:42:14.088Z DEBUG x.t.cashu.voucher.app.VoucherService - Voucher will expire at: 2026-02-05T22:42:14Z (in 90 days)
2025-11-07T22:42:14.088Z DEBUG x.t.cashu.voucher.app.VoucherService - Created voucher with auto-generated ID: 97efb643-f5d1-483c-a292-4f91f374c661
2025-11-07T22:42:14.092Z DEBUG x.t.c.v.d.VoucherSignatureService - Signed voucher 97efb643-f5d1-483c-a292-4f91f374c661 (issuerId=book-store) with signature length=64
2025-11-07T22:42:14.093Z DEBUG x.t.cashu.voucher.app.VoucherService - Voucher signed successfully
2025-11-07T22:42:14.094Z INFO  x.t.cashu.voucher.app.VoucherService - Voucher published to ledger: voucherId=97efb643-f5d1-483c-a292-4f91f374c661, status=ISSUED
2025-11-07T22:42:14.094Z WARN  x.t.cashu.voucher.app.VoucherService - Using placeholder token serialization - full implementation pending
2025-11-07T22:42:14.094Z INFO  x.t.cashu.voucher.app.VoucherService - Issuing voucher: issuerId=restaurant, unit=usd, amount=5000
2025-11-07T22:42:14.094Z DEBUG x.t.cashu.voucher.app.VoucherService - Voucher will expire at: 2026-01-06T22:42:14Z (in 60 days)
2025-11-07T22:42:14.095Z DEBUG x.t.cashu.voucher.app.VoucherService - Created voucher with auto-generated ID: 4f5dd6e2-797a-4ca1-973e-cd4fc3193f03
2025-11-07T22:42:14.098Z DEBUG x.t.c.v.d.VoucherSignatureService - Signed voucher 4f5dd6e2-797a-4ca1-973e-cd4fc3193f03 (issuerId=restaurant) with signature length=64
2025-11-07T22:42:14.099Z DEBUG x.t.cashu.voucher.app.VoucherService - Voucher signed successfully
2025-11-07T22:42:14.099Z INFO  x.t.cashu.voucher.app.VoucherService - Voucher published to ledger: voucherId=4f5dd6e2-797a-4ca1-973e-cd4fc3193f03, status=ISSUED
2025-11-07T22:42:14.099Z WARN  x.t.cashu.voucher.app.VoucherService - Using placeholder token serialization - full implementation pending
2025-11-07T22:42:14.101Z INFO  x.t.cashu.voucher.app.VoucherService - Backing up 3 voucher(s)
2025-11-07T22:42:14.103Z INFO  x.t.cashu.voucher.app.VoucherService - Successfully backed up 3 voucher(s)
2025-11-07T22:42:14.104Z INFO  x.t.cashu.voucher.app.VoucherService - Restoring vouchers from backup
2025-11-07T22:42:14.108Z INFO  x.t.cashu.voucher.app.VoucherService - Successfully restored 3 voucher(s)
2025-11-07T22:42:14.115Z DEBUG x.t.c.v.d.VoucherSignatureService - Verified voucher 33ccbba7-29d2-4849-84e5-e1169359dd4b (issuerId=coffee-shop): VALID
2025-11-07T22:42:14.125Z DEBUG x.t.c.v.d.VoucherSignatureService - Verified voucher 97efb643-f5d1-483c-a292-4f91f374c661 (issuerId=book-store): VALID
2025-11-07T22:42:14.128Z DEBUG x.t.c.v.d.VoucherSignatureService - Verified voucher 4f5dd6e2-797a-4ca1-973e-cd4fc3193f03 (issuerId=restaurant): VALID
2025-11-07T22:42:14.153Z INFO  x.t.cashu.voucher.app.VoucherService - Restoring vouchers from backup
2025-11-07T22:42:14.158Z INFO  x.t.cashu.voucher.app.VoucherService - Successfully restored 0 voucher(s)
2025-11-07T22:42:14.204Z INFO  x.t.cashu.voucher.app.VoucherService - Issuing voucher: issuerId=test-merchant, unit=sat, amount=5000
2025-11-07T22:42:14.204Z DEBUG x.t.cashu.voucher.app.VoucherService - Created voucher with auto-generated ID: ac391296-e648-4525-a425-8c0b260b3ea0
2025-11-07T22:42:14.211Z DEBUG x.t.c.v.d.VoucherSignatureService - Signed voucher ac391296-e648-4525-a425-8c0b260b3ea0 (issuerId=test-merchant) with signature length=64
2025-11-07T22:42:14.212Z DEBUG x.t.cashu.voucher.app.VoucherService - Voucher signed successfully
2025-11-07T22:42:14.213Z ERROR x.t.cashu.voucher.app.VoucherService - Failed to publish voucher to ledger: voucherId=ac391296-e648-4525-a425-8c0b260b3ea0
java.lang.RuntimeException: Nostr relay unavailable
	at xyz.tcheeric.cashu.voucher.app.VoucherService.issue(VoucherService.java:181)
	at xyz.tcheeric.cashu.mint.rest.controller.VoucherNostrIT.lambda$issueVoucher_NostrPublishFails$0(VoucherNostrIT.java:185)
	at org.junit.jupiter.api.AssertThrows.assertThrows(AssertThrows.java:53)
	at org.junit.jupiter.api.AssertThrows.assertThrows(AssertThrows.java:35)
	at org.junit.jupiter.api.Assertions.assertThrows(Assertions.java:3128)
	at xyz.tcheeric.cashu.mint.rest.controller.VoucherNostrIT.issueVoucher_NostrPublishFails(VoucherNostrIT.java:184)
	at java.base/jdk.internal.reflect.DirectMethodHandleAccessor.invoke(DirectMethodHandleAccessor.java:103)
	at java.base/java.lang.reflect.Method.invoke(Method.java:580)
	at org.junit.platform.commons.util.ReflectionUtils.invokeMethod(ReflectionUtils.java:775)
	at org.junit.platform.commons.support.ReflectionSupport.invokeMethod(ReflectionSupport.java:479)
	at org.junit.jupiter.engine.execution.MethodInvocation.proceed(MethodInvocation.java:60)
	at org.junit.jupiter.engine.execution.InvocationInterceptorChain$ValidatingInvocation.proceed(InvocationInterceptorChain.java:131)
	at org.junit.jupiter.engine.extension.TimeoutExtension.intercept(TimeoutExtension.java:161)
	at org.junit.jupiter.engine.extension.TimeoutExtension.interceptTestableMethod(TimeoutExtension.java:152)
	at org.junit.jupiter.engine.extension.TimeoutExtension.interceptTestMethod(TimeoutExtension.java:91)
	at org.junit.jupiter.engine.execution.InterceptingExecutableInvoker$ReflectiveInterceptorCall.lambda$ofVoidMethod$0(InterceptingExecutableInvoker.java:112)
	at org.junit.jupiter.engine.execution.InterceptingExecutableInvoker.lambda$invoke$0(InterceptingExecutableInvoker.java:94)
	at org.junit.jupiter.engine.execution.InvocationInterceptorChain$InterceptedInvocation.proceed(InvocationInterceptorChain.java:106)
	at org.junit.jupiter.engine.execution.InvocationInterceptorChain.proceed(InvocationInterceptorChain.java:64)
	at org.junit.jupiter.engine.execution.InvocationInterceptorChain.chainAndInvoke(InvocationInterceptorChain.java:45)
	at org.junit.jupiter.engine.execution.InvocationInterceptorChain.invoke(InvocationInterceptorChain.java:37)
	at org.junit.jupiter.engine.execution.InterceptingExecutableInvoker.invoke(InterceptingExecutableInvoker.java:93)
	at org.junit.jupiter.engine.execution.InterceptingExecutableInvoker.invoke(InterceptingExecutableInvoker.java:87)
	at org.junit.jupiter.engine.descriptor.TestMethodTestDescriptor.lambda$invokeTestMethod$7(TestMethodTestDescriptor.java:216)
	at org.junit.platform.engine.support.hierarchical.ThrowableCollector.execute(ThrowableCollector.java:73)
	at org.junit.jupiter.engine.descriptor.TestMethodTestDescriptor.invokeTestMethod(TestMethodTestDescriptor.java:212)
	at org.junit.jupiter.engine.descriptor.TestMethodTestDescriptor.execute(TestMethodTestDescriptor.java:137)
	at org.junit.jupiter.engine.descriptor.TestMethodTestDescriptor.execute(TestMethodTestDescriptor.java:69)
	at org.junit.platform.engine.support.hierarchical.NodeTestTask.lambda$executeRecursively$6(NodeTestTask.java:156)
	at org.junit.platform.engine.support.hierarchical.ThrowableCollector.execute(ThrowableCollector.java:73)
	at org.junit.platform.engine.support.hierarchical.NodeTestTask.lambda$executeRecursively$8(NodeTestTask.java:146)
	at org.junit.platform.engine.support.hierarchical.Node.around(Node.java:137)
	at org.junit.platform.engine.support.hierarchical.NodeTestTask.lambda$executeRecursively$9(NodeTestTask.java:144)
	at org.junit.platform.engine.support.hierarchical.ThrowableCollector.execute(ThrowableCollector.java:73)
	at org.junit.platform.engine.support.hierarchical.NodeTestTask.executeRecursively(NodeTestTask.java:143)
	at org.junit.platform.engine.support.hierarchical.NodeTestTask.execute(NodeTestTask.java:100)
	at java.base/java.util.ArrayList.forEach(ArrayList.java:1596)
	at org.junit.platform.engine.support.hierarchical.SameThreadHierarchicalTestExecutorService.invokeAll(SameThreadHierarchicalTestExecutorService.java:41)
	at org.junit.platform.engine.support.hierarchical.NodeTestTask.lambda$executeRecursively$6(NodeTestTask.java:160)
	at org.junit.platform.engine.support.hierarchical.ThrowableCollector.execute(ThrowableCollector.java:73)
	at org.junit.platform.engine.support.hierarchical.NodeTestTask.lambda$executeRecursively$8(NodeTestTask.java:146)
	at org.junit.platform.engine.support.hierarchical.Node.around(Node.java:137)
	at org.junit.platform.engine.support.hierarchical.NodeTestTask.lambda$executeRecursively$9(NodeTestTask.java:144)
	at org.junit.platform.engine.support.hierarchical.ThrowableCollector.execute(ThrowableCollector.java:73)
	at org.junit.platform.engine.support.hierarchical.NodeTestTask.executeRecursively(NodeTestTask.java:143)
	at org.junit.platform.engine.support.hierarchical.NodeTestTask.execute(NodeTestTask.java:100)
	at java.base/java.util.ArrayList.forEach(ArrayList.java:1596)
	at org.junit.platform.engine.support.hierarchical.SameThreadHierarchicalTestExecutorService.invokeAll(SameThreadHierarchicalTestExecutorService.java:41)
	at org.junit.platform.engine.support.hierarchical.NodeTestTask.lambda$executeRecursively$6(NodeTestTask.java:160)
	at org.junit.platform.engine.support.hierarchical.ThrowableCollector.execute(ThrowableCollector.java:73)
	at org.junit.platform.engine.support.hierarchical.NodeTestTask.lambda$executeRecursively$8(NodeTestTask.java:146)
	at org.junit.platform.engine.support.hierarchical.Node.around(Node.java:137)
	at org.junit.platform.engine.support.hierarchical.NodeTestTask.lambda$executeRecursively$9(NodeTestTask.java:144)
	at org.junit.platform.engine.support.hierarchical.ThrowableCollector.execute(ThrowableCollector.java:73)
	at org.junit.platform.engine.support.hierarchical.NodeTestTask.executeRecursively(NodeTestTask.java:143)
	at org.junit.platform.engine.support.hierarchical.NodeTestTask.execute(NodeTestTask.java:100)
	at org.junit.platform.engine.support.hierarchical.SameThreadHierarchicalTestExecutorService.submit(SameThreadHierarchicalTestExecutorService.java:35)
	at org.junit.platform.engine.support.hierarchical.HierarchicalTestExecutor.execute(HierarchicalTestExecutor.java:57)
	at org.junit.platform.engine.support.hierarchical.HierarchicalTestEngine.execute(HierarchicalTestEngine.java:54)
	at org.junit.platform.launcher.core.EngineExecutionOrchestrator.execute(EngineExecutionOrchestrator.java:201)
	at org.junit.platform.launcher.core.EngineExecutionOrchestrator.execute(EngineExecutionOrchestrator.java:170)
	at org.junit.platform.launcher.core.EngineExecutionOrchestrator.execute(EngineExecutionOrchestrator.java:94)
	at org.junit.platform.launcher.core.EngineExecutionOrchestrator.lambda$execute$0(EngineExecutionOrchestrator.java:59)
	at org.junit.platform.launcher.core.EngineExecutionOrchestrator.withInterceptedStreams(EngineExecutionOrchestrator.java:142)
	at org.junit.platform.launcher.core.EngineExecutionOrchestrator.execute(EngineExecutionOrchestrator.java:58)
	at org.junit.platform.launcher.core.DefaultLauncher.execute(DefaultLauncher.java:103)
	at org.junit.platform.launcher.core.DefaultLauncher.execute(DefaultLauncher.java:85)
	at org.junit.platform.launcher.core.DelegatingLauncher.execute(DelegatingLauncher.java:47)
	at org.junit.platform.launcher.core.InterceptingLauncher.lambda$execute$1(InterceptingLauncher.java:39)
	at org.junit.platform.launcher.core.ClasspathAlignmentCheckingLauncherInterceptor.intercept(ClasspathAlignmentCheckingLauncherInterceptor.java:25)
	at org.junit.platform.launcher.core.InterceptingLauncher.execute(InterceptingLauncher.java:38)
	at org.junit.platform.launcher.core.DelegatingLauncher.execute(DelegatingLauncher.java:47)
	at org.apache.maven.surefire.junitplatform.LauncherAdapter.executeWithoutCancellationToken(LauncherAdapter.java:60)
	at org.apache.maven.surefire.junitplatform.LauncherAdapter.execute(LauncherAdapter.java:52)
	at org.apache.maven.surefire.junitplatform.JUnitPlatformProvider.execute(JUnitPlatformProvider.java:203)
	at org.apache.maven.surefire.junitplatform.JUnitPlatformProvider.invokeAllTests(JUnitPlatformProvider.java:168)
	at org.apache.maven.surefire.junitplatform.JUnitPlatformProvider.invoke(JUnitPlatformProvider.java:136)
	at org.apache.maven.surefire.booter.ForkedBooter.runSuitesInProcess(ForkedBooter.java:385)
	at org.apache.maven.surefire.booter.ForkedBooter.execute(ForkedBooter.java:162)
	at org.apache.maven.surefire.booter.ForkedBooter.run(ForkedBooter.java:507)
	at org.apache.maven.surefire.booter.ForkedBooter.main(ForkedBooter.java:495)
2025-11-07T22:42:44.884Z INFO  o.h.validator.internal.util.Version - HV000001: Hibernate Validator 8.0.1.Final
2025-11-07T22:42:45.061Z INFO  x.t.c.m.r.controller.VoucherNostrIT - Starting VoucherNostrIT using Java 21.0.5 with PID 1386194 (started by eric in /home/eric/IdeaProjects/cashu-mint/cashu-mint-rest-it)
2025-11-07T22:42:45.064Z DEBUG x.t.c.m.r.controller.VoucherNostrIT - Running with Spring Boot v3.5.5, Spring v6.2.10
2025-11-07T22:42:45.068Z INFO  x.t.c.m.r.controller.VoucherNostrIT - The following 1 profile is active: "test"
2025-11-07T22:42:53.300Z INFO  x.t.cashu.voucher.app.VoucherService - VoucherService initialized with issuer public key: 4cb5abf6...
2025-11-07T22:42:56.412Z INFO  o.s.b.a.e.web.EndpointLinksResolver - Exposing 2 endpoints beneath base path '/actuator'
2025-11-07T22:42:56.714Z INFO  x.t.c.m.r.controller.VoucherNostrIT - Started VoucherNostrIT in 12.549 seconds (process running for 16.373)
2025-11-07T22:42:56.933Z INFO  x.t.c.m.r.CashuMintRestApplication - Diagnostics: classpath app.properties gateway.bolt11=null gateway.bolt11.sat=null
2025-11-07T22:42:56.937Z INFO  x.t.c.m.r.CashuMintRestApplication - Diagnostics: PhoenixdGateway present. package=xyz.tcheeric.gateway.phoenixd version=null
2025-11-07T22:42:57.050Z INFO  x.t.cashu.voucher.app.VoucherService - Issuing voucher: issuerId=test-merchant, unit=sat, amount=1000
2025-11-07T22:42:57.090Z DEBUG x.t.cashu.voucher.app.VoucherService - Created voucher with auto-generated ID: 7623bd88-6673-4565-8a35-7e83a409a335
2025-11-07T22:42:57.601Z DEBUG x.t.c.v.d.VoucherSignatureService - Signed voucher 7623bd88-6673-4565-8a35-7e83a409a335 (issuerId=test-merchant) with signature length=64
2025-11-07T22:42:57.602Z DEBUG x.t.cashu.voucher.app.VoucherService - Voucher signed successfully
2025-11-07T22:42:57.612Z INFO  x.t.cashu.voucher.app.VoucherService - Voucher published to ledger: voucherId=7623bd88-6673-4565-8a35-7e83a409a335, status=ISSUED
2025-11-07T22:42:57.613Z WARN  x.t.cashu.voucher.app.VoucherService - Using placeholder token serialization - full implementation pending
2025-11-07T22:42:57.620Z INFO  x.t.cashu.voucher.app.VoucherService - Restoring vouchers from backup
2025-11-07T22:42:57.625Z INFO  x.t.cashu.voucher.app.VoucherService - Successfully restored 3 voucher(s)
2025-11-07T22:42:57.728Z INFO  x.t.cashu.voucher.app.VoucherService - Issuing voucher: issuerId=merchant-X, unit=sat, amount=1000
2025-11-07T22:42:57.729Z DEBUG x.t.cashu.voucher.app.VoucherService - Created voucher with auto-generated ID: 9684ac89-2add-40f7-ac0f-cfdfb9731dcd
2025-11-07T22:42:57.734Z DEBUG x.t.c.v.d.VoucherSignatureService - Signed voucher 9684ac89-2add-40f7-ac0f-cfdfb9731dcd (issuerId=merchant-X) with signature length=64
2025-11-07T22:42:57.735Z DEBUG x.t.cashu.voucher.app.VoucherService - Voucher signed successfully
2025-11-07T22:42:57.737Z INFO  x.t.cashu.voucher.app.VoucherService - Voucher published to ledger: voucherId=9684ac89-2add-40f7-ac0f-cfdfb9731dcd, status=ISSUED
2025-11-07T22:42:57.737Z WARN  x.t.cashu.voucher.app.VoucherService - Using placeholder token serialization - full implementation pending
2025-11-07T22:42:57.738Z INFO  x.t.cashu.voucher.app.VoucherService - Backing up 1 voucher(s)
2025-11-07T22:42:57.739Z INFO  x.t.cashu.voucher.app.VoucherService - Successfully backed up 1 voucher(s)
2025-11-07T22:42:57.757Z INFO  x.t.cashu.voucher.app.VoucherService - Restoring vouchers from backup
2025-11-07T22:42:57.762Z INFO  x.t.cashu.voucher.app.VoucherService - Successfully restored 1 voucher(s)
2025-11-07T22:42:57.801Z INFO  x.t.cashu.voucher.app.VoucherService - Issuing voucher: issuerId=merchant-1, unit=sat, amount=1000
2025-11-07T22:42:57.801Z DEBUG x.t.cashu.voucher.app.VoucherService - Created voucher with auto-generated ID: 63fbd907-611f-4f55-9b5d-e56e7d76dfda
2025-11-07T22:42:57.806Z DEBUG x.t.c.v.d.VoucherSignatureService - Signed voucher 63fbd907-611f-4f55-9b5d-e56e7d76dfda (issuerId=merchant-1) with signature length=64
2025-11-07T22:42:57.808Z DEBUG x.t.cashu.voucher.app.VoucherService - Voucher signed successfully
2025-11-07T22:42:57.808Z INFO  x.t.cashu.voucher.app.VoucherService - Voucher published to ledger: voucherId=63fbd907-611f-4f55-9b5d-e56e7d76dfda, status=ISSUED
2025-11-07T22:42:57.808Z WARN  x.t.cashu.voucher.app.VoucherService - Using placeholder token serialization - full implementation pending
2025-11-07T22:42:57.808Z INFO  x.t.cashu.voucher.app.VoucherService - Issuing voucher: issuerId=merchant-2, unit=sat, amount=2000
2025-11-07T22:42:57.809Z DEBUG x.t.cashu.voucher.app.VoucherService - Created voucher with auto-generated ID: 0864f65c-daaf-4061-9b6b-98623ae640ed
2025-11-07T22:42:57.815Z DEBUG x.t.c.v.d.VoucherSignatureService - Signed voucher 0864f65c-daaf-4061-9b6b-98623ae640ed (issuerId=merchant-2) with signature length=64
2025-11-07T22:42:57.815Z DEBUG x.t.cashu.voucher.app.VoucherService - Voucher signed successfully
2025-11-07T22:42:57.816Z INFO  x.t.cashu.voucher.app.VoucherService - Voucher published to ledger: voucherId=0864f65c-daaf-4061-9b6b-98623ae640ed, status=ISSUED
2025-11-07T22:42:57.816Z WARN  x.t.cashu.voucher.app.VoucherService - Using placeholder token serialization - full implementation pending
2025-11-07T22:42:57.816Z INFO  x.t.cashu.voucher.app.VoucherService - Issuing voucher: issuerId=merchant-3, unit=usd, amount=5000
2025-11-07T22:42:57.824Z DEBUG x.t.cashu.voucher.app.VoucherService - Created voucher with auto-generated ID: 0c581764-5bf8-4984-aa10-4bbcfb1bf2da
2025-11-07T22:42:57.825Z DEBUG x.t.c.v.d.VoucherSignatureService - Signed voucher 0c581764-5bf8-4984-aa10-4bbcfb1bf2da (issuerId=merchant-3) with signature length=64
2025-11-07T22:42:57.826Z DEBUG x.t.cashu.voucher.app.VoucherService - Voucher signed successfully
2025-11-07T22:42:57.830Z INFO  x.t.cashu.voucher.app.VoucherService - Voucher published to ledger: voucherId=0c581764-5bf8-4984-aa10-4bbcfb1bf2da, status=ISSUED
2025-11-07T22:42:57.830Z WARN  x.t.cashu.voucher.app.VoucherService - Using placeholder token serialization - full implementation pending
2025-11-07T22:42:57.873Z INFO  x.t.cashu.voucher.app.VoucherService - Issuing voucher: issuerId=merchant-A, unit=sat, amount=5000
2025-11-07T22:42:57.873Z DEBUG x.t.cashu.voucher.app.VoucherService - Created voucher with auto-generated ID: 03bc21c3-8068-43c5-bac2-86f4a6fcdca7
2025-11-07T22:42:57.875Z DEBUG x.t.c.v.d.VoucherSignatureService - Signed voucher 03bc21c3-8068-43c5-bac2-86f4a6fcdca7 (issuerId=merchant-A) with signature length=64
2025-11-07T22:42:57.875Z DEBUG x.t.cashu.voucher.app.VoucherService - Voucher signed successfully
2025-11-07T22:42:57.880Z INFO  x.t.cashu.voucher.app.VoucherService - Voucher published to ledger: voucherId=03bc21c3-8068-43c5-bac2-86f4a6fcdca7, status=ISSUED
2025-11-07T22:42:57.880Z WARN  x.t.cashu.voucher.app.VoucherService - Using placeholder token serialization - full implementation pending
2025-11-07T22:42:57.880Z INFO  x.t.cashu.voucher.app.VoucherService - Issuing voucher: issuerId=merchant-B, unit=sat, amount=10000
2025-11-07T22:42:57.880Z DEBUG x.t.cashu.voucher.app.VoucherService - Created voucher with auto-generated ID: 430b1877-7161-4f8a-8a0a-1880b9308f16
2025-11-07T22:42:57.882Z DEBUG x.t.c.v.d.VoucherSignatureService - Signed voucher 430b1877-7161-4f8a-8a0a-1880b9308f16 (issuerId=merchant-B) with signature length=64
2025-11-07T22:42:57.886Z DEBUG x.t.cashu.voucher.app.VoucherService - Voucher signed successfully
2025-11-07T22:42:57.886Z INFO  x.t.cashu.voucher.app.VoucherService - Voucher published to ledger: voucherId=430b1877-7161-4f8a-8a0a-1880b9308f16, status=ISSUED
2025-11-07T22:42:57.886Z WARN  x.t.cashu.voucher.app.VoucherService - Using placeholder token serialization - full implementation pending
2025-11-07T22:42:57.886Z INFO  x.t.cashu.voucher.app.VoucherService - Issuing voucher: issuerId=merchant-C, unit=usd, amount=2500
2025-11-07T22:42:57.887Z DEBUG x.t.cashu.voucher.app.VoucherService - Created voucher with auto-generated ID: e23dcad7-1576-4f1c-b651-0792cebee61e
2025-11-07T22:42:57.892Z DEBUG x.t.c.v.d.VoucherSignatureService - Signed voucher e23dcad7-1576-4f1c-b651-0792cebee61e (issuerId=merchant-C) with signature length=64
2025-11-07T22:42:57.892Z DEBUG x.t.cashu.voucher.app.VoucherService - Voucher signed successfully
2025-11-07T22:42:57.893Z INFO  x.t.cashu.voucher.app.VoucherService - Voucher published to ledger: voucherId=e23dcad7-1576-4f1c-b651-0792cebee61e, status=ISSUED
2025-11-07T22:42:57.893Z WARN  x.t.cashu.voucher.app.VoucherService - Using placeholder token serialization - full implementation pending
2025-11-07T22:42:57.894Z INFO  x.t.cashu.voucher.app.VoucherService - Backing up 3 voucher(s)
2025-11-07T22:42:57.898Z INFO  x.t.cashu.voucher.app.VoucherService - Successfully backed up 3 voucher(s)
2025-11-07T22:42:57.899Z INFO  x.t.cashu.voucher.app.VoucherService - Restoring vouchers from backup
2025-11-07T22:42:57.903Z INFO  x.t.cashu.voucher.app.VoucherService - Successfully restored 3 voucher(s)
2025-11-07T22:42:57.914Z DEBUG x.t.c.v.d.VoucherSignatureService - Verified voucher 03bc21c3-8068-43c5-bac2-86f4a6fcdca7 (issuerId=merchant-A): VALID
2025-11-07T22:42:57.945Z INFO  x.t.cashu.voucher.app.VoucherService - Issuing voucher: issuerId=test-merchant, unit=sat, amount=5000
2025-11-07T22:42:57.945Z DEBUG x.t.cashu.voucher.app.VoucherService - Voucher will expire at: 2025-12-07T22:42:57Z (in 30 days)
2025-11-07T22:42:57.946Z DEBUG x.t.cashu.voucher.app.VoucherService - Created voucher with auto-generated ID: 556d3476-181c-4fe3-8b75-98f7f7157583
2025-11-07T22:42:57.952Z DEBUG x.t.c.v.d.VoucherSignatureService - Signed voucher 556d3476-181c-4fe3-8b75-98f7f7157583 (issuerId=test-merchant) with signature length=64
2025-11-07T22:42:57.952Z DEBUG x.t.cashu.voucher.app.VoucherService - Voucher signed successfully
2025-11-07T22:42:57.953Z INFO  x.t.cashu.voucher.app.VoucherService - Voucher published to ledger: voucherId=556d3476-181c-4fe3-8b75-98f7f7157583, status=ISSUED
2025-11-07T22:42:57.953Z WARN  x.t.cashu.voucher.app.VoucherService - Using placeholder token serialization - full implementation pending
2025-11-07T22:42:58.046Z DEBUG x.t.cashu.voucher.app.VoucherService - Querying voucher status: voucherId=non-existent
2025-11-07T22:42:58.056Z DEBUG x.t.cashu.voucher.app.VoucherService - Voucher not found in ledger: voucherId=non-existent
2025-11-07T22:42:58.138Z DEBUG x.t.cashu.voucher.app.VoucherService - Querying voucher status: voucherId=test-voucher-123
2025-11-07T22:42:58.138Z DEBUG x.t.cashu.voucher.app.VoucherService - Voucher status found: voucherId=test-voucher-123, status=ISSUED
2025-11-07T22:42:58.202Z INFO  x.t.cashu.voucher.app.VoucherService - Issuing voucher: issuerId=merchant-e2e-test, unit=sat, amount=10000
2025-11-07T22:42:58.212Z DEBUG x.t.cashu.voucher.app.VoucherService - Voucher will expire at: 2026-11-07T22:42:58Z (in 365 days)
2025-11-07T22:42:58.212Z DEBUG x.t.cashu.voucher.app.VoucherService - Created voucher with auto-generated ID: c243e1b0-1edc-4bec-9f77-c5b375ea7f22
2025-11-07T22:42:58.213Z DEBUG x.t.c.v.d.VoucherSignatureService - Signed voucher c243e1b0-1edc-4bec-9f77-c5b375ea7f22 (issuerId=merchant-e2e-test) with signature length=64
2025-11-07T22:42:58.214Z DEBUG x.t.cashu.voucher.app.VoucherService - Voucher signed successfully
2025-11-07T22:42:58.229Z INFO  x.t.cashu.voucher.app.VoucherService - Voucher published to ledger: voucherId=c243e1b0-1edc-4bec-9f77-c5b375ea7f22, status=ISSUED
2025-11-07T22:42:58.229Z WARN  x.t.cashu.voucher.app.VoucherService - Using placeholder token serialization - full implementation pending
2025-11-07T22:42:58.231Z DEBUG x.t.c.v.d.VoucherSignatureService - Verified voucher c243e1b0-1edc-4bec-9f77-c5b375ea7f22 (issuerId=merchant-e2e-test): VALID
2025-11-07T22:42:58.245Z DEBUG x.t.cashu.voucher.app.VoucherService - Querying voucher status: voucherId=c243e1b0-1edc-4bec-9f77-c5b375ea7f22
2025-11-07T22:42:58.246Z DEBUG x.t.cashu.voucher.app.VoucherService - Voucher status found: voucherId=c243e1b0-1edc-4bec-9f77-c5b375ea7f22, status=ISSUED
2025-11-07T22:42:58.260Z DEBUG x.t.c.v.d.VoucherSignatureService - Verified voucher c243e1b0-1edc-4bec-9f77-c5b375ea7f22 (issuerId=merchant-e2e-test): VALID
2025-11-07T22:42:58.301Z INFO  x.t.cashu.voucher.app.VoucherService - Issuing voucher: issuerId=coffee-shop, unit=sat, amount=5000
2025-11-07T22:42:58.301Z DEBUG x.t.cashu.voucher.app.VoucherService - Voucher will expire at: 2025-12-07T22:42:58Z (in 30 days)
2025-11-07T22:42:58.301Z DEBUG x.t.cashu.voucher.app.VoucherService - Created voucher with auto-generated ID: 986796cb-84b8-4a26-9b33-ab2f584471f4
2025-11-07T22:42:58.311Z DEBUG x.t.c.v.d.VoucherSignatureService - Signed voucher 986796cb-84b8-4a26-9b33-ab2f584471f4 (issuerId=coffee-shop) with signature length=64
2025-11-07T22:42:58.311Z DEBUG x.t.cashu.voucher.app.VoucherService - Voucher signed successfully
2025-11-07T22:42:58.312Z INFO  x.t.cashu.voucher.app.VoucherService - Voucher published to ledger: voucherId=986796cb-84b8-4a26-9b33-ab2f584471f4, status=ISSUED
2025-11-07T22:42:58.312Z WARN  x.t.cashu.voucher.app.VoucherService - Using placeholder token serialization - full implementation pending
2025-11-07T22:42:58.312Z INFO  x.t.cashu.voucher.app.VoucherService - Issuing voucher: issuerId=book-store, unit=sat, amount=10000
2025-11-07T22:42:58.312Z DEBUG x.t.cashu.voucher.app.VoucherService - Voucher will expire at: 2026-02-05T22:42:58Z (in 90 days)
2025-11-07T22:42:58.313Z DEBUG x.t.cashu.voucher.app.VoucherService - Created voucher with auto-generated ID: c503833e-730e-4781-901b-4af42b937596
2025-11-07T22:42:58.318Z DEBUG x.t.c.v.d.VoucherSignatureService - Signed voucher c503833e-730e-4781-901b-4af42b937596 (issuerId=book-store) with signature length=64
2025-11-07T22:42:58.318Z DEBUG x.t.cashu.voucher.app.VoucherService - Voucher signed successfully
2025-11-07T22:42:58.319Z INFO  x.t.cashu.voucher.app.VoucherService - Voucher published to ledger: voucherId=c503833e-730e-4781-901b-4af42b937596, status=ISSUED
2025-11-07T22:42:58.319Z WARN  x.t.cashu.voucher.app.VoucherService - Using placeholder token serialization - full implementation pending
2025-11-07T22:42:58.319Z INFO  x.t.cashu.voucher.app.VoucherService - Issuing voucher: issuerId=restaurant, unit=usd, amount=5000
2025-11-07T22:42:58.319Z DEBUG x.t.cashu.voucher.app.VoucherService - Voucher will expire at: 2026-01-06T22:42:58Z (in 60 days)
2025-11-07T22:42:58.319Z DEBUG x.t.cashu.voucher.app.VoucherService - Created voucher with auto-generated ID: 3913734a-9fc1-49ab-a3fb-fbc2aeda2438
2025-11-07T22:42:58.324Z DEBUG x.t.c.v.d.VoucherSignatureService - Signed voucher 3913734a-9fc1-49ab-a3fb-fbc2aeda2438 (issuerId=restaurant) with signature length=64
2025-11-07T22:42:58.326Z DEBUG x.t.cashu.voucher.app.VoucherService - Voucher signed successfully
2025-11-07T22:42:58.327Z INFO  x.t.cashu.voucher.app.VoucherService - Voucher published to ledger: voucherId=3913734a-9fc1-49ab-a3fb-fbc2aeda2438, status=ISSUED
2025-11-07T22:42:58.327Z WARN  x.t.cashu.voucher.app.VoucherService - Using placeholder token serialization - full implementation pending
2025-11-07T22:42:58.328Z INFO  x.t.cashu.voucher.app.VoucherService - Backing up 3 voucher(s)
2025-11-07T22:42:58.328Z INFO  x.t.cashu.voucher.app.VoucherService - Successfully backed up 3 voucher(s)
2025-11-07T22:42:58.333Z INFO  x.t.cashu.voucher.app.VoucherService - Restoring vouchers from backup
2025-11-07T22:42:58.333Z INFO  x.t.cashu.voucher.app.VoucherService - Successfully restored 3 voucher(s)
2025-11-07T22:42:58.339Z DEBUG x.t.c.v.d.VoucherSignatureService - Verified voucher 986796cb-84b8-4a26-9b33-ab2f584471f4 (issuerId=coffee-shop): VALID
2025-11-07T22:42:58.344Z DEBUG x.t.c.v.d.VoucherSignatureService - Verified voucher c503833e-730e-4781-901b-4af42b937596 (issuerId=book-store): VALID
2025-11-07T22:42:58.349Z DEBUG x.t.c.v.d.VoucherSignatureService - Verified voucher 3913734a-9fc1-49ab-a3fb-fbc2aeda2438 (issuerId=restaurant): VALID
2025-11-07T22:42:58.373Z INFO  x.t.cashu.voucher.app.VoucherService - Restoring vouchers from backup
2025-11-07T22:42:58.374Z INFO  x.t.cashu.voucher.app.VoucherService - Successfully restored 0 voucher(s)
2025-11-07T22:42:58.394Z INFO  x.t.cashu.voucher.app.VoucherService - Issuing voucher: issuerId=test-merchant, unit=sat, amount=5000
2025-11-07T22:42:58.395Z DEBUG x.t.cashu.voucher.app.VoucherService - Created voucher with auto-generated ID: ba1942a0-dbe3-404f-9158-4cc3a40fe241
2025-11-07T22:42:58.397Z DEBUG x.t.c.v.d.VoucherSignatureService - Signed voucher ba1942a0-dbe3-404f-9158-4cc3a40fe241 (issuerId=test-merchant) with signature length=64
2025-11-07T22:42:58.397Z DEBUG x.t.cashu.voucher.app.VoucherService - Voucher signed successfully
2025-11-07T22:42:58.398Z ERROR x.t.cashu.voucher.app.VoucherService - Failed to publish voucher to ledger: voucherId=ba1942a0-dbe3-404f-9158-4cc3a40fe241
java.lang.RuntimeException: Nostr relay unavailable
	at xyz.tcheeric.cashu.voucher.app.VoucherService.issue(VoucherService.java:181)
	at xyz.tcheeric.cashu.mint.rest.controller.VoucherNostrIT.lambda$issueVoucher_NostrPublishFails$0(VoucherNostrIT.java:185)
	at org.junit.jupiter.api.AssertThrows.assertThrows(AssertThrows.java:53)
	at org.junit.jupiter.api.AssertThrows.assertThrows(AssertThrows.java:35)
	at org.junit.jupiter.api.Assertions.assertThrows(Assertions.java:3128)
	at xyz.tcheeric.cashu.mint.rest.controller.VoucherNostrIT.issueVoucher_NostrPublishFails(VoucherNostrIT.java:184)
	at java.base/jdk.internal.reflect.DirectMethodHandleAccessor.invoke(DirectMethodHandleAccessor.java:103)
	at java.base/java.lang.reflect.Method.invoke(Method.java:580)
	at org.junit.platform.commons.util.ReflectionUtils.invokeMethod(ReflectionUtils.java:775)
	at org.junit.platform.commons.support.ReflectionSupport.invokeMethod(ReflectionSupport.java:479)
	at org.junit.jupiter.engine.execution.MethodInvocation.proceed(MethodInvocation.java:60)
	at org.junit.jupiter.engine.execution.InvocationInterceptorChain$ValidatingInvocation.proceed(InvocationInterceptorChain.java:131)
	at org.junit.jupiter.engine.extension.TimeoutExtension.intercept(TimeoutExtension.java:161)
	at org.junit.jupiter.engine.extension.TimeoutExtension.interceptTestableMethod(TimeoutExtension.java:152)
	at org.junit.jupiter.engine.extension.TimeoutExtension.interceptTestMethod(TimeoutExtension.java:91)
	at org.junit.jupiter.engine.execution.InterceptingExecutableInvoker$ReflectiveInterceptorCall.lambda$ofVoidMethod$0(InterceptingExecutableInvoker.java:112)
	at org.junit.jupiter.engine.execution.InterceptingExecutableInvoker.lambda$invoke$0(InterceptingExecutableInvoker.java:94)
	at org.junit.jupiter.engine.execution.InvocationInterceptorChain$InterceptedInvocation.proceed(InvocationInterceptorChain.java:106)
	at org.junit.jupiter.engine.execution.InvocationInterceptorChain.proceed(InvocationInterceptorChain.java:64)
	at org.junit.jupiter.engine.execution.InvocationInterceptorChain.chainAndInvoke(InvocationInterceptorChain.java:45)
	at org.junit.jupiter.engine.execution.InvocationInterceptorChain.invoke(InvocationInterceptorChain.java:37)
	at org.junit.jupiter.engine.execution.InterceptingExecutableInvoker.invoke(InterceptingExecutableInvoker.java:93)
	at org.junit.jupiter.engine.execution.InterceptingExecutableInvoker.invoke(InterceptingExecutableInvoker.java:87)
	at org.junit.jupiter.engine.descriptor.TestMethodTestDescriptor.lambda$invokeTestMethod$7(TestMethodTestDescriptor.java:216)
	at org.junit.platform.engine.support.hierarchical.ThrowableCollector.execute(ThrowableCollector.java:73)
	at org.junit.jupiter.engine.descriptor.TestMethodTestDescriptor.invokeTestMethod(TestMethodTestDescriptor.java:212)
	at org.junit.jupiter.engine.descriptor.TestMethodTestDescriptor.execute(TestMethodTestDescriptor.java:137)
	at org.junit.jupiter.engine.descriptor.TestMethodTestDescriptor.execute(TestMethodTestDescriptor.java:69)
	at org.junit.platform.engine.support.hierarchical.NodeTestTask.lambda$executeRecursively$6(NodeTestTask.java:156)
	at org.junit.platform.engine.support.hierarchical.ThrowableCollector.execute(ThrowableCollector.java:73)
	at org.junit.platform.engine.support.hierarchical.NodeTestTask.lambda$executeRecursively$8(NodeTestTask.java:146)
	at org.junit.platform.engine.support.hierarchical.Node.around(Node.java:137)
	at org.junit.platform.engine.support.hierarchical.NodeTestTask.lambda$executeRecursively$9(NodeTestTask.java:144)
	at org.junit.platform.engine.support.hierarchical.ThrowableCollector.execute(ThrowableCollector.java:73)
	at org.junit.platform.engine.support.hierarchical.NodeTestTask.executeRecursively(NodeTestTask.java:143)
	at org.junit.platform.engine.support.hierarchical.NodeTestTask.execute(NodeTestTask.java:100)
	at java.base/java.util.ArrayList.forEach(ArrayList.java:1596)
	at org.junit.platform.engine.support.hierarchical.SameThreadHierarchicalTestExecutorService.invokeAll(SameThreadHierarchicalTestExecutorService.java:41)
	at org.junit.platform.engine.support.hierarchical.NodeTestTask.lambda$executeRecursively$6(NodeTestTask.java:160)
	at org.junit.platform.engine.support.hierarchical.ThrowableCollector.execute(ThrowableCollector.java:73)
	at org.junit.platform.engine.support.hierarchical.NodeTestTask.lambda$executeRecursively$8(NodeTestTask.java:146)
	at org.junit.platform.engine.support.hierarchical.Node.around(Node.java:137)
	at org.junit.platform.engine.support.hierarchical.NodeTestTask.lambda$executeRecursively$9(NodeTestTask.java:144)
	at org.junit.platform.engine.support.hierarchical.ThrowableCollector.execute(ThrowableCollector.java:73)
	at org.junit.platform.engine.support.hierarchical.NodeTestTask.executeRecursively(NodeTestTask.java:143)
	at org.junit.platform.engine.support.hierarchical.NodeTestTask.execute(NodeTestTask.java:100)
	at java.base/java.util.ArrayList.forEach(ArrayList.java:1596)
	at org.junit.platform.engine.support.hierarchical.SameThreadHierarchicalTestExecutorService.invokeAll(SameThreadHierarchicalTestExecutorService.java:41)
	at org.junit.platform.engine.support.hierarchical.NodeTestTask.lambda$executeRecursively$6(NodeTestTask.java:160)
	at org.junit.platform.engine.support.hierarchical.ThrowableCollector.execute(ThrowableCollector.java:73)
	at org.junit.platform.engine.support.hierarchical.NodeTestTask.lambda$executeRecursively$8(NodeTestTask.java:146)
	at org.junit.platform.engine.support.hierarchical.Node.around(Node.java:137)
	at org.junit.platform.engine.support.hierarchical.NodeTestTask.lambda$executeRecursively$9(NodeTestTask.java:144)
	at org.junit.platform.engine.support.hierarchical.ThrowableCollector.execute(ThrowableCollector.java:73)
	at org.junit.platform.engine.support.hierarchical.NodeTestTask.executeRecursively(NodeTestTask.java:143)
	at org.junit.platform.engine.support.hierarchical.NodeTestTask.execute(NodeTestTask.java:100)
	at org.junit.platform.engine.support.hierarchical.SameThreadHierarchicalTestExecutorService.submit(SameThreadHierarchicalTestExecutorService.java:35)
	at org.junit.platform.engine.support.hierarchical.HierarchicalTestExecutor.execute(HierarchicalTestExecutor.java:57)
	at org.junit.platform.engine.support.hierarchical.HierarchicalTestEngine.execute(HierarchicalTestEngine.java:54)
	at org.junit.platform.launcher.core.EngineExecutionOrchestrator.execute(EngineExecutionOrchestrator.java:201)
	at org.junit.platform.launcher.core.EngineExecutionOrchestrator.execute(EngineExecutionOrchestrator.java:170)
	at org.junit.platform.launcher.core.EngineExecutionOrchestrator.execute(EngineExecutionOrchestrator.java:94)
	at org.junit.platform.launcher.core.EngineExecutionOrchestrator.lambda$execute$0(EngineExecutionOrchestrator.java:59)
	at org.junit.platform.launcher.core.EngineExecutionOrchestrator.withInterceptedStreams(EngineExecutionOrchestrator.java:142)
	at org.junit.platform.launcher.core.EngineExecutionOrchestrator.execute(EngineExecutionOrchestrator.java:58)
	at org.junit.platform.launcher.core.DefaultLauncher.execute(DefaultLauncher.java:103)
	at org.junit.platform.launcher.core.DefaultLauncher.execute(DefaultLauncher.java:85)
	at org.junit.platform.launcher.core.DelegatingLauncher.execute(DelegatingLauncher.java:47)
	at org.junit.platform.launcher.core.InterceptingLauncher.lambda$execute$1(InterceptingLauncher.java:39)
	at org.junit.platform.launcher.core.ClasspathAlignmentCheckingLauncherInterceptor.intercept(ClasspathAlignmentCheckingLauncherInterceptor.java:25)
	at org.junit.platform.launcher.core.InterceptingLauncher.execute(InterceptingLauncher.java:38)
	at org.junit.platform.launcher.core.DelegatingLauncher.execute(DelegatingLauncher.java:47)
	at org.apache.maven.surefire.junitplatform.LauncherAdapter.executeWithoutCancellationToken(LauncherAdapter.java:60)
	at org.apache.maven.surefire.junitplatform.LauncherAdapter.execute(LauncherAdapter.java:52)
	at org.apache.maven.surefire.junitplatform.JUnitPlatformProvider.execute(JUnitPlatformProvider.java:203)
	at org.apache.maven.surefire.junitplatform.JUnitPlatformProvider.invokeAllTests(JUnitPlatformProvider.java:168)
	at org.apache.maven.surefire.junitplatform.JUnitPlatformProvider.invoke(JUnitPlatformProvider.java:136)
	at org.apache.maven.surefire.booter.ForkedBooter.runSuitesInProcess(ForkedBooter.java:385)
	at org.apache.maven.surefire.booter.ForkedBooter.execute(ForkedBooter.java:162)
	at org.apache.maven.surefire.booter.ForkedBooter.run(ForkedBooter.java:507)
	at org.apache.maven.surefire.booter.ForkedBooter.main(ForkedBooter.java:495)
2025-11-07T22:51:06.589Z INFO  o.h.validator.internal.util.Version - HV000001: Hibernate Validator 8.0.1.Final
2025-11-07T22:51:06.671Z INFO  x.t.c.m.r.controller.VoucherNostrIT - Starting VoucherNostrIT using Java 21.0.8 with PID 1396306 (started by eric in /home/eric/IdeaProjects/cashu-mint/cashu-mint-rest-it)
2025-11-07T22:51:06.673Z DEBUG x.t.c.m.r.controller.VoucherNostrIT - Running with Spring Boot v3.5.5, Spring v6.2.10
2025-11-07T22:51:06.676Z INFO  x.t.c.m.r.controller.VoucherNostrIT - The following 1 profile is active: "test"
2025-11-07T22:51:11.331Z INFO  x.t.cashu.voucher.app.VoucherService - VoucherService initialized with issuer public key: 4cb5abf6...
2025-11-07T22:51:16.555Z INFO  o.s.b.a.e.web.EndpointLinksResolver - Exposing 2 endpoints beneath base path '/actuator'
2025-11-07T22:51:16.645Z INFO  x.t.c.m.r.controller.VoucherNostrIT - Started VoucherNostrIT in 10.459 seconds (process running for 12.334)
2025-11-07T22:51:16.781Z INFO  x.t.c.m.r.CashuMintRestApplication - Diagnostics: classpath app.properties gateway.bolt11=null gateway.bolt11.sat=null
2025-11-07T22:51:16.784Z INFO  x.t.c.m.r.CashuMintRestApplication - Diagnostics: PhoenixdGateway present. package=xyz.tcheeric.gateway.phoenixd version=null
2025-11-07T22:51:16.889Z INFO  x.t.cashu.voucher.app.VoucherService - Issuing voucher: issuerId=test-merchant, unit=sat, amount=1000
2025-11-07T22:51:16.913Z DEBUG x.t.cashu.voucher.app.VoucherService - Created voucher with auto-generated ID: 7bef8020-86cf-4fda-bfe4-6c830fb21680
2025-11-07T22:51:17.019Z DEBUG x.t.c.v.d.VoucherSignatureService - Signed voucher 7bef8020-86cf-4fda-bfe4-6c830fb21680 (issuerId=test-merchant) with signature length=64
2025-11-07T22:51:17.020Z DEBUG x.t.cashu.voucher.app.VoucherService - Voucher signed successfully
2025-11-07T22:51:17.028Z INFO  x.t.cashu.voucher.app.VoucherService - Voucher published to ledger: voucherId=7bef8020-86cf-4fda-bfe4-6c830fb21680, status=ISSUED
2025-11-07T22:51:17.029Z WARN  x.t.cashu.voucher.app.VoucherService - Using placeholder token serialization - full implementation pending
2025-11-07T22:51:17.032Z INFO  x.t.cashu.voucher.app.VoucherService - Restoring vouchers from backup
2025-11-07T22:51:17.035Z INFO  x.t.cashu.voucher.app.VoucherService - Successfully restored 3 voucher(s)
2025-11-07T22:51:17.076Z INFO  x.t.cashu.voucher.app.VoucherService - Issuing voucher: issuerId=merchant-X, unit=sat, amount=1000
2025-11-07T22:51:17.077Z DEBUG x.t.cashu.voucher.app.VoucherService - Created voucher with auto-generated ID: 23f324f1-2b7f-4f78-8783-f64813e01b80
2025-11-07T22:51:17.079Z DEBUG x.t.c.v.d.VoucherSignatureService - Signed voucher 23f324f1-2b7f-4f78-8783-f64813e01b80 (issuerId=merchant-X) with signature length=64
2025-11-07T22:51:17.080Z DEBUG x.t.cashu.voucher.app.VoucherService - Voucher signed successfully
2025-11-07T22:51:17.080Z INFO  x.t.cashu.voucher.app.VoucherService - Voucher published to ledger: voucherId=23f324f1-2b7f-4f78-8783-f64813e01b80, status=ISSUED
2025-11-07T22:51:17.080Z WARN  x.t.cashu.voucher.app.VoucherService - Using placeholder token serialization - full implementation pending
2025-11-07T22:51:17.081Z INFO  x.t.cashu.voucher.app.VoucherService - Backing up 1 voucher(s)
2025-11-07T22:51:17.082Z INFO  x.t.cashu.voucher.app.VoucherService - Successfully backed up 1 voucher(s)
2025-11-07T22:51:17.093Z INFO  x.t.cashu.voucher.app.VoucherService - Restoring vouchers from backup
2025-11-07T22:51:17.093Z INFO  x.t.cashu.voucher.app.VoucherService - Successfully restored 1 voucher(s)
2025-11-07T22:51:17.109Z INFO  x.t.cashu.voucher.app.VoucherService - Issuing voucher: issuerId=merchant-1, unit=sat, amount=1000
2025-11-07T22:51:17.109Z DEBUG x.t.cashu.voucher.app.VoucherService - Created voucher with auto-generated ID: aa80bba5-cb25-4d46-bc5d-b27998ae0b07
2025-11-07T22:51:17.111Z DEBUG x.t.c.v.d.VoucherSignatureService - Signed voucher aa80bba5-cb25-4d46-bc5d-b27998ae0b07 (issuerId=merchant-1) with signature length=64
2025-11-07T22:51:17.111Z DEBUG x.t.cashu.voucher.app.VoucherService - Voucher signed successfully
2025-11-07T22:51:17.112Z INFO  x.t.cashu.voucher.app.VoucherService - Voucher published to ledger: voucherId=aa80bba5-cb25-4d46-bc5d-b27998ae0b07, status=ISSUED
2025-11-07T22:51:17.112Z WARN  x.t.cashu.voucher.app.VoucherService - Using placeholder token serialization - full implementation pending
2025-11-07T22:51:17.112Z INFO  x.t.cashu.voucher.app.VoucherService - Issuing voucher: issuerId=merchant-2, unit=sat, amount=2000
2025-11-07T22:51:17.113Z DEBUG x.t.cashu.voucher.app.VoucherService - Created voucher with auto-generated ID: 0dd55cad-7f14-4a82-b53f-ff42739b3721
2025-11-07T22:51:17.115Z DEBUG x.t.c.v.d.VoucherSignatureService - Signed voucher 0dd55cad-7f14-4a82-b53f-ff42739b3721 (issuerId=merchant-2) with signature length=64
2025-11-07T22:51:17.115Z DEBUG x.t.cashu.voucher.app.VoucherService - Voucher signed successfully
2025-11-07T22:51:17.116Z INFO  x.t.cashu.voucher.app.VoucherService - Voucher published to ledger: voucherId=0dd55cad-7f14-4a82-b53f-ff42739b3721, status=ISSUED
2025-11-07T22:51:17.116Z WARN  x.t.cashu.voucher.app.VoucherService - Using placeholder token serialization - full implementation pending
2025-11-07T22:51:17.116Z INFO  x.t.cashu.voucher.app.VoucherService - Issuing voucher: issuerId=merchant-3, unit=usd, amount=5000
2025-11-07T22:51:17.117Z DEBUG x.t.cashu.voucher.app.VoucherService - Created voucher with auto-generated ID: 38465d14-4dee-4c90-b8ac-c6ae83425f23
2025-11-07T22:51:17.119Z DEBUG x.t.c.v.d.VoucherSignatureService - Signed voucher 38465d14-4dee-4c90-b8ac-c6ae83425f23 (issuerId=merchant-3) with signature length=64
2025-11-07T22:51:17.119Z DEBUG x.t.cashu.voucher.app.VoucherService - Voucher signed successfully
2025-11-07T22:51:17.120Z INFO  x.t.cashu.voucher.app.VoucherService - Voucher published to ledger: voucherId=38465d14-4dee-4c90-b8ac-c6ae83425f23, status=ISSUED
2025-11-07T22:51:17.120Z WARN  x.t.cashu.voucher.app.VoucherService - Using placeholder token serialization - full implementation pending
2025-11-07T22:51:17.143Z INFO  x.t.cashu.voucher.app.VoucherService - Issuing voucher: issuerId=merchant-A, unit=sat, amount=5000
2025-11-07T22:51:17.144Z DEBUG x.t.cashu.voucher.app.VoucherService - Created voucher with auto-generated ID: dd62469a-7b0d-444d-b054-b5413a63811d
2025-11-07T22:51:17.146Z DEBUG x.t.c.v.d.VoucherSignatureService - Signed voucher dd62469a-7b0d-444d-b054-b5413a63811d (issuerId=merchant-A) with signature length=64
2025-11-07T22:51:17.146Z DEBUG x.t.cashu.voucher.app.VoucherService - Voucher signed successfully
2025-11-07T22:51:17.146Z INFO  x.t.cashu.voucher.app.VoucherService - Voucher published to ledger: voucherId=dd62469a-7b0d-444d-b054-b5413a63811d, status=ISSUED
2025-11-07T22:51:17.147Z WARN  x.t.cashu.voucher.app.VoucherService - Using placeholder token serialization - full implementation pending
2025-11-07T22:51:17.147Z INFO  x.t.cashu.voucher.app.VoucherService - Issuing voucher: issuerId=merchant-B, unit=sat, amount=10000
2025-11-07T22:51:17.147Z DEBUG x.t.cashu.voucher.app.VoucherService - Created voucher with auto-generated ID: f23e5dcc-f6d4-4efa-a8fc-9e05515476b6
2025-11-07T22:51:17.149Z DEBUG x.t.c.v.d.VoucherSignatureService - Signed voucher f23e5dcc-f6d4-4efa-a8fc-9e05515476b6 (issuerId=merchant-B) with signature length=64
2025-11-07T22:51:17.150Z DEBUG x.t.cashu.voucher.app.VoucherService - Voucher signed successfully
2025-11-07T22:51:17.152Z INFO  x.t.cashu.voucher.app.VoucherService - Voucher published to ledger: voucherId=f23e5dcc-f6d4-4efa-a8fc-9e05515476b6, status=ISSUED
2025-11-07T22:51:17.152Z WARN  x.t.cashu.voucher.app.VoucherService - Using placeholder token serialization - full implementation pending
2025-11-07T22:51:17.152Z INFO  x.t.cashu.voucher.app.VoucherService - Issuing voucher: issuerId=merchant-C, unit=usd, amount=2500
2025-11-07T22:51:17.153Z DEBUG x.t.cashu.voucher.app.VoucherService - Created voucher with auto-generated ID: 717857a2-6907-4e44-b7c0-62790a11093a
2025-11-07T22:51:17.155Z DEBUG x.t.c.v.d.VoucherSignatureService - Signed voucher 717857a2-6907-4e44-b7c0-62790a11093a (issuerId=merchant-C) with signature length=64
2025-11-07T22:51:17.156Z DEBUG x.t.cashu.voucher.app.VoucherService - Voucher signed successfully
2025-11-07T22:51:17.156Z INFO  x.t.cashu.voucher.app.VoucherService - Voucher published to ledger: voucherId=717857a2-6907-4e44-b7c0-62790a11093a, status=ISSUED
2025-11-07T22:51:17.156Z WARN  x.t.cashu.voucher.app.VoucherService - Using placeholder token serialization - full implementation pending
2025-11-07T22:51:17.158Z INFO  x.t.cashu.voucher.app.VoucherService - Backing up 3 voucher(s)
2025-11-07T22:51:17.160Z INFO  x.t.cashu.voucher.app.VoucherService - Successfully backed up 3 voucher(s)
2025-11-07T22:51:17.164Z INFO  x.t.cashu.voucher.app.VoucherService - Restoring vouchers from backup
2025-11-07T22:51:17.165Z INFO  x.t.cashu.voucher.app.VoucherService - Successfully restored 3 voucher(s)
2025-11-07T22:51:17.180Z DEBUG x.t.c.v.d.VoucherSignatureService - Verified voucher dd62469a-7b0d-444d-b054-b5413a63811d (issuerId=merchant-A): VALID
2025-11-07T22:51:17.206Z INFO  x.t.cashu.voucher.app.VoucherService - Issuing voucher: issuerId=test-merchant, unit=sat, amount=5000
2025-11-07T22:51:17.206Z DEBUG x.t.cashu.voucher.app.VoucherService - Voucher will expire at: 2025-12-07T22:51:17Z (in 30 days)
2025-11-07T22:51:17.207Z DEBUG x.t.cashu.voucher.app.VoucherService - Created voucher with auto-generated ID: 9addd823-6233-44d7-9b75-97c6cb1863ee
2025-11-07T22:51:17.209Z DEBUG x.t.c.v.d.VoucherSignatureService - Signed voucher 9addd823-6233-44d7-9b75-97c6cb1863ee (issuerId=test-merchant) with signature length=64
2025-11-07T22:51:17.209Z DEBUG x.t.cashu.voucher.app.VoucherService - Voucher signed successfully
2025-11-07T22:51:17.210Z INFO  x.t.cashu.voucher.app.VoucherService - Voucher published to ledger: voucherId=9addd823-6233-44d7-9b75-97c6cb1863ee, status=ISSUED
2025-11-07T22:51:17.211Z WARN  x.t.cashu.voucher.app.VoucherService - Using placeholder token serialization - full implementation pending
2025-11-07T22:51:17.240Z DEBUG x.t.cashu.voucher.app.VoucherService - Querying voucher status: voucherId=non-existent
2025-11-07T22:51:17.241Z DEBUG x.t.cashu.voucher.app.VoucherService - Voucher not found in ledger: voucherId=non-existent
2025-11-07T22:51:17.263Z DEBUG x.t.cashu.voucher.app.VoucherService - Querying voucher status: voucherId=test-voucher-123
2025-11-07T22:51:17.264Z DEBUG x.t.cashu.voucher.app.VoucherService - Voucher status found: voucherId=test-voucher-123, status=ISSUED
2025-11-07T22:51:17.278Z INFO  x.t.cashu.voucher.app.VoucherService - Issuing voucher: issuerId=merchant-e2e-test, unit=sat, amount=10000
2025-11-07T22:51:17.278Z DEBUG x.t.cashu.voucher.app.VoucherService - Voucher will expire at: 2026-11-07T22:51:17Z (in 365 days)
2025-11-07T22:51:17.279Z DEBUG x.t.cashu.voucher.app.VoucherService - Created voucher with auto-generated ID: bee6a720-2935-4bcb-92f5-6dc56ae20cc6
2025-11-07T22:51:17.280Z DEBUG x.t.c.v.d.VoucherSignatureService - Signed voucher bee6a720-2935-4bcb-92f5-6dc56ae20cc6 (issuerId=merchant-e2e-test) with signature length=64
2025-11-07T22:51:17.280Z DEBUG x.t.cashu.voucher.app.VoucherService - Voucher signed successfully
2025-11-07T22:51:17.281Z INFO  x.t.cashu.voucher.app.VoucherService - Voucher published to ledger: voucherId=bee6a720-2935-4bcb-92f5-6dc56ae20cc6, status=ISSUED
2025-11-07T22:51:17.281Z WARN  x.t.cashu.voucher.app.VoucherService - Using placeholder token serialization - full implementation pending
2025-11-07T22:51:17.283Z DEBUG x.t.c.v.d.VoucherSignatureService - Verified voucher bee6a720-2935-4bcb-92f5-6dc56ae20cc6 (issuerId=merchant-e2e-test): VALID
2025-11-07T22:51:17.284Z DEBUG x.t.cashu.voucher.app.VoucherService - Querying voucher status: voucherId=bee6a720-2935-4bcb-92f5-6dc56ae20cc6
2025-11-07T22:51:17.284Z DEBUG x.t.cashu.voucher.app.VoucherService - Voucher status found: voucherId=bee6a720-2935-4bcb-92f5-6dc56ae20cc6, status=ISSUED
2025-11-07T22:51:17.286Z DEBUG x.t.c.v.d.VoucherSignatureService - Verified voucher bee6a720-2935-4bcb-92f5-6dc56ae20cc6 (issuerId=merchant-e2e-test): VALID
2025-11-07T22:51:17.304Z INFO  x.t.cashu.voucher.app.VoucherService - Issuing voucher: issuerId=coffee-shop, unit=sat, amount=5000
2025-11-07T22:51:17.304Z DEBUG x.t.cashu.voucher.app.VoucherService - Voucher will expire at: 2025-12-07T22:51:17Z (in 30 days)
2025-11-07T22:51:17.305Z DEBUG x.t.cashu.voucher.app.VoucherService - Created voucher with auto-generated ID: 43dab68c-74d7-4375-ace2-218607cf4be3
2025-11-07T22:51:17.306Z DEBUG x.t.c.v.d.VoucherSignatureService - Signed voucher 43dab68c-74d7-4375-ace2-218607cf4be3 (issuerId=coffee-shop) with signature length=64
2025-11-07T22:51:17.306Z DEBUG x.t.cashu.voucher.app.VoucherService - Voucher signed successfully
2025-11-07T22:51:17.307Z INFO  x.t.cashu.voucher.app.VoucherService - Voucher published to ledger: voucherId=43dab68c-74d7-4375-ace2-218607cf4be3, status=ISSUED
2025-11-07T22:51:17.307Z WARN  x.t.cashu.voucher.app.VoucherService - Using placeholder token serialization - full implementation pending
2025-11-07T22:51:17.307Z INFO  x.t.cashu.voucher.app.VoucherService - Issuing voucher: issuerId=book-store, unit=sat, amount=10000
2025-11-07T22:51:17.307Z DEBUG x.t.cashu.voucher.app.VoucherService - Voucher will expire at: 2026-02-05T22:51:17Z (in 90 days)
2025-11-07T22:51:17.307Z DEBUG x.t.cashu.voucher.app.VoucherService - Created voucher with auto-generated ID: 59975139-3ec5-40df-8992-2cef2c8ba987
2025-11-07T22:51:17.309Z DEBUG x.t.c.v.d.VoucherSignatureService - Signed voucher 59975139-3ec5-40df-8992-2cef2c8ba987 (issuerId=book-store) with signature length=64
2025-11-07T22:51:17.309Z DEBUG x.t.cashu.voucher.app.VoucherService - Voucher signed successfully
2025-11-07T22:51:17.310Z INFO  x.t.cashu.voucher.app.VoucherService - Voucher published to ledger: voucherId=59975139-3ec5-40df-8992-2cef2c8ba987, status=ISSUED
2025-11-07T22:51:17.310Z WARN  x.t.cashu.voucher.app.VoucherService - Using placeholder token serialization - full implementation pending
2025-11-07T22:51:17.310Z INFO  x.t.cashu.voucher.app.VoucherService - Issuing voucher: issuerId=restaurant, unit=usd, amount=5000
2025-11-07T22:51:17.310Z DEBUG x.t.cashu.voucher.app.VoucherService - Voucher will expire at: 2026-01-06T22:51:17Z (in 60 days)
2025-11-07T22:51:17.311Z DEBUG x.t.cashu.voucher.app.VoucherService - Created voucher with auto-generated ID: 4e8fd77a-ee50-48dc-96c1-785c6779cf7b
2025-11-07T22:51:17.312Z DEBUG x.t.c.v.d.VoucherSignatureService - Signed voucher 4e8fd77a-ee50-48dc-96c1-785c6779cf7b (issuerId=restaurant) with signature length=64
2025-11-07T22:51:17.313Z DEBUG x.t.cashu.voucher.app.VoucherService - Voucher signed successfully
2025-11-07T22:51:17.313Z INFO  x.t.cashu.voucher.app.VoucherService - Voucher published to ledger: voucherId=4e8fd77a-ee50-48dc-96c1-785c6779cf7b, status=ISSUED
2025-11-07T22:51:17.313Z WARN  x.t.cashu.voucher.app.VoucherService - Using placeholder token serialization - full implementation pending
2025-11-07T22:51:17.314Z INFO  x.t.cashu.voucher.app.VoucherService - Backing up 3 voucher(s)
2025-11-07T22:51:17.314Z INFO  x.t.cashu.voucher.app.VoucherService - Successfully backed up 3 voucher(s)
2025-11-07T22:51:17.315Z INFO  x.t.cashu.voucher.app.VoucherService - Restoring vouchers from backup
2025-11-07T22:51:17.315Z INFO  x.t.cashu.voucher.app.VoucherService - Successfully restored 3 voucher(s)
2025-11-07T22:51:17.317Z DEBUG x.t.c.v.d.VoucherSignatureService - Verified voucher 43dab68c-74d7-4375-ace2-218607cf4be3 (issuerId=coffee-shop): VALID
2025-11-07T22:51:17.320Z DEBUG x.t.c.v.d.VoucherSignatureService - Verified voucher 59975139-3ec5-40df-8992-2cef2c8ba987 (issuerId=book-store): VALID
2025-11-07T22:51:17.322Z DEBUG x.t.c.v.d.VoucherSignatureService - Verified voucher 4e8fd77a-ee50-48dc-96c1-785c6779cf7b (issuerId=restaurant): VALID
2025-11-07T22:51:17.337Z INFO  x.t.cashu.voucher.app.VoucherService - Restoring vouchers from backup
2025-11-07T22:51:17.337Z INFO  x.t.cashu.voucher.app.VoucherService - Successfully restored 0 voucher(s)
2025-11-07T22:51:17.355Z INFO  x.t.cashu.voucher.app.VoucherService - Issuing voucher: issuerId=test-merchant, unit=sat, amount=5000
2025-11-07T22:51:17.356Z DEBUG x.t.cashu.voucher.app.VoucherService - Created voucher with auto-generated ID: 8f2ab373-7255-4076-8d36-8d1569be08c6
2025-11-07T22:51:17.358Z DEBUG x.t.c.v.d.VoucherSignatureService - Signed voucher 8f2ab373-7255-4076-8d36-8d1569be08c6 (issuerId=test-merchant) with signature length=64
2025-11-07T22:51:17.358Z DEBUG x.t.cashu.voucher.app.VoucherService - Voucher signed successfully
2025-11-07T22:51:17.360Z ERROR x.t.cashu.voucher.app.VoucherService - Failed to publish voucher to ledger: voucherId=8f2ab373-7255-4076-8d36-8d1569be08c6
java.lang.RuntimeException: Nostr relay unavailable
	at xyz.tcheeric.cashu.voucher.app.VoucherService.issue(VoucherService.java:181)
	at xyz.tcheeric.cashu.mint.rest.controller.VoucherNostrIT.lambda$issueVoucher_NostrPublishFails$0(VoucherNostrIT.java:185)
	at org.junit.jupiter.api.AssertThrows.assertThrows(AssertThrows.java:53)
	at org.junit.jupiter.api.AssertThrows.assertThrows(AssertThrows.java:35)
	at org.junit.jupiter.api.Assertions.assertThrows(Assertions.java:3128)
	at xyz.tcheeric.cashu.mint.rest.controller.VoucherNostrIT.issueVoucher_NostrPublishFails(VoucherNostrIT.java:184)
	at java.base/jdk.internal.reflect.DirectMethodHandleAccessor.invoke(DirectMethodHandleAccessor.java:103)
	at java.base/java.lang.reflect.Method.invoke(Method.java:580)
	at org.junit.platform.commons.util.ReflectionUtils.invokeMethod(ReflectionUtils.java:775)
	at org.junit.platform.commons.support.ReflectionSupport.invokeMethod(ReflectionSupport.java:479)
	at org.junit.jupiter.engine.execution.MethodInvocation.proceed(MethodInvocation.java:60)
	at org.junit.jupiter.engine.execution.InvocationInterceptorChain$ValidatingInvocation.proceed(InvocationInterceptorChain.java:131)
	at org.junit.jupiter.engine.extension.TimeoutExtension.intercept(TimeoutExtension.java:161)
	at org.junit.jupiter.engine.extension.TimeoutExtension.interceptTestableMethod(TimeoutExtension.java:152)
	at org.junit.jupiter.engine.extension.TimeoutExtension.interceptTestMethod(TimeoutExtension.java:91)
	at org.junit.jupiter.engine.execution.InterceptingExecutableInvoker$ReflectiveInterceptorCall.lambda$ofVoidMethod$0(InterceptingExecutableInvoker.java:112)
	at org.junit.jupiter.engine.execution.InterceptingExecutableInvoker.lambda$invoke$0(InterceptingExecutableInvoker.java:94)
	at org.junit.jupiter.engine.execution.InvocationInterceptorChain$InterceptedInvocation.proceed(InvocationInterceptorChain.java:106)
	at org.junit.jupiter.engine.execution.InvocationInterceptorChain.proceed(InvocationInterceptorChain.java:64)
	at org.junit.jupiter.engine.execution.InvocationInterceptorChain.chainAndInvoke(InvocationInterceptorChain.java:45)
	at org.junit.jupiter.engine.execution.InvocationInterceptorChain.invoke(InvocationInterceptorChain.java:37)
	at org.junit.jupiter.engine.execution.InterceptingExecutableInvoker.invoke(InterceptingExecutableInvoker.java:93)
	at org.junit.jupiter.engine.execution.InterceptingExecutableInvoker.invoke(InterceptingExecutableInvoker.java:87)
	at org.junit.jupiter.engine.descriptor.TestMethodTestDescriptor.lambda$invokeTestMethod$7(TestMethodTestDescriptor.java:216)
	at org.junit.platform.engine.support.hierarchical.ThrowableCollector.execute(ThrowableCollector.java:73)
	at org.junit.jupiter.engine.descriptor.TestMethodTestDescriptor.invokeTestMethod(TestMethodTestDescriptor.java:212)
	at org.junit.jupiter.engine.descriptor.TestMethodTestDescriptor.execute(TestMethodTestDescriptor.java:137)
	at org.junit.jupiter.engine.descriptor.TestMethodTestDescriptor.execute(TestMethodTestDescriptor.java:69)
	at org.junit.platform.engine.support.hierarchical.NodeTestTask.lambda$executeRecursively$6(NodeTestTask.java:156)
	at org.junit.platform.engine.support.hierarchical.ThrowableCollector.execute(ThrowableCollector.java:73)
	at org.junit.platform.engine.support.hierarchical.NodeTestTask.lambda$executeRecursively$8(NodeTestTask.java:146)
	at org.junit.platform.engine.support.hierarchical.Node.around(Node.java:137)
	at org.junit.platform.engine.support.hierarchical.NodeTestTask.lambda$executeRecursively$9(NodeTestTask.java:144)
	at org.junit.platform.engine.support.hierarchical.ThrowableCollector.execute(ThrowableCollector.java:73)
	at org.junit.platform.engine.support.hierarchical.NodeTestTask.executeRecursively(NodeTestTask.java:143)
	at org.junit.platform.engine.support.hierarchical.NodeTestTask.execute(NodeTestTask.java:100)
	at java.base/java.util.ArrayList.forEach(ArrayList.java:1596)
	at org.junit.platform.engine.support.hierarchical.SameThreadHierarchicalTestExecutorService.invokeAll(SameThreadHierarchicalTestExecutorService.java:41)
	at org.junit.platform.engine.support.hierarchical.NodeTestTask.lambda$executeRecursively$6(NodeTestTask.java:160)
	at org.junit.platform.engine.support.hierarchical.ThrowableCollector.execute(ThrowableCollector.java:73)
	at org.junit.platform.engine.support.hierarchical.NodeTestTask.lambda$executeRecursively$8(NodeTestTask.java:146)
	at org.junit.platform.engine.support.hierarchical.Node.around(Node.java:137)
	at org.junit.platform.engine.support.hierarchical.NodeTestTask.lambda$executeRecursively$9(NodeTestTask.java:144)
	at org.junit.platform.engine.support.hierarchical.ThrowableCollector.execute(ThrowableCollector.java:73)
	at org.junit.platform.engine.support.hierarchical.NodeTestTask.executeRecursively(NodeTestTask.java:143)
	at org.junit.platform.engine.support.hierarchical.NodeTestTask.execute(NodeTestTask.java:100)
	at java.base/java.util.ArrayList.forEach(ArrayList.java:1596)
	at org.junit.platform.engine.support.hierarchical.SameThreadHierarchicalTestExecutorService.invokeAll(SameThreadHierarchicalTestExecutorService.java:41)
	at org.junit.platform.engine.support.hierarchical.NodeTestTask.lambda$executeRecursively$6(NodeTestTask.java:160)
	at org.junit.platform.engine.support.hierarchical.ThrowableCollector.execute(ThrowableCollector.java:73)
	at org.junit.platform.engine.support.hierarchical.NodeTestTask.lambda$executeRecursively$8(NodeTestTask.java:146)
	at org.junit.platform.engine.support.hierarchical.Node.around(Node.java:137)
	at org.junit.platform.engine.support.hierarchical.NodeTestTask.lambda$executeRecursively$9(NodeTestTask.java:144)
	at org.junit.platform.engine.support.hierarchical.ThrowableCollector.execute(ThrowableCollector.java:73)
	at org.junit.platform.engine.support.hierarchical.NodeTestTask.executeRecursively(NodeTestTask.java:143)
	at org.junit.platform.engine.support.hierarchical.NodeTestTask.execute(NodeTestTask.java:100)
	at org.junit.platform.engine.support.hierarchical.SameThreadHierarchicalTestExecutorService.submit(SameThreadHierarchicalTestExecutorService.java:35)
	at org.junit.platform.engine.support.hierarchical.HierarchicalTestExecutor.execute(HierarchicalTestExecutor.java:57)
	at org.junit.platform.engine.support.hierarchical.HierarchicalTestEngine.execute(HierarchicalTestEngine.java:54)
	at org.junit.platform.launcher.core.EngineExecutionOrchestrator.execute(EngineExecutionOrchestrator.java:201)
	at org.junit.platform.launcher.core.EngineExecutionOrchestrator.execute(EngineExecutionOrchestrator.java:170)
	at org.junit.platform.launcher.core.EngineExecutionOrchestrator.execute(EngineExecutionOrchestrator.java:94)
	at org.junit.platform.launcher.core.EngineExecutionOrchestrator.lambda$execute$0(EngineExecutionOrchestrator.java:59)
	at org.junit.platform.launcher.core.EngineExecutionOrchestrator.withInterceptedStreams(EngineExecutionOrchestrator.java:142)
	at org.junit.platform.launcher.core.EngineExecutionOrchestrator.execute(EngineExecutionOrchestrator.java:58)
	at org.junit.platform.launcher.core.DefaultLauncher.execute(DefaultLauncher.java:103)
	at org.junit.platform.launcher.core.DefaultLauncher.execute(DefaultLauncher.java:85)
	at org.junit.platform.launcher.core.DelegatingLauncher.execute(DelegatingLauncher.java:47)
	at org.junit.platform.launcher.core.InterceptingLauncher.lambda$execute$1(InterceptingLauncher.java:39)
	at org.junit.platform.launcher.core.ClasspathAlignmentCheckingLauncherInterceptor.intercept(ClasspathAlignmentCheckingLauncherInterceptor.java:25)
	at org.junit.platform.launcher.core.InterceptingLauncher.execute(InterceptingLauncher.java:38)
	at org.junit.platform.launcher.core.DelegatingLauncher.execute(DelegatingLauncher.java:47)
	at org.apache.maven.surefire.junitplatform.LauncherAdapter.executeWithoutCancellationToken(LauncherAdapter.java:60)
	at org.apache.maven.surefire.junitplatform.LauncherAdapter.execute(LauncherAdapter.java:52)
	at org.apache.maven.surefire.junitplatform.JUnitPlatformProvider.execute(JUnitPlatformProvider.java:203)
	at org.apache.maven.surefire.junitplatform.JUnitPlatformProvider.invokeAllTests(JUnitPlatformProvider.java:168)
	at org.apache.maven.surefire.junitplatform.JUnitPlatformProvider.invoke(JUnitPlatformProvider.java:136)
	at org.apache.maven.surefire.booter.ForkedBooter.runSuitesInProcess(ForkedBooter.java:385)
	at org.apache.maven.surefire.booter.ForkedBooter.execute(ForkedBooter.java:162)
	at org.apache.maven.surefire.booter.ForkedBooter.run(ForkedBooter.java:507)
	at org.apache.maven.surefire.booter.ForkedBooter.main(ForkedBooter.java:495)
2025-11-07T22:51:20.765Z INFO  o.h.validator.internal.util.Version - HV000001: Hibernate Validator 8.0.1.Final
2025-11-07T22:51:20.930Z INFO  x.t.c.m.r.controller.VoucherNostrIT - Starting VoucherNostrIT using Java 21.0.8 with PID 1396551 (started by eric in /home/eric/IdeaProjects/cashu-mint/cashu-mint-rest-it)
2025-11-07T22:51:20.936Z DEBUG x.t.c.m.r.controller.VoucherNostrIT - Running with Spring Boot v3.5.5, Spring v6.2.10
2025-11-07T22:51:20.937Z INFO  x.t.c.m.r.controller.VoucherNostrIT - The following 1 profile is active: "test"
2025-11-07T22:51:26.579Z INFO  x.t.cashu.voucher.app.VoucherService - VoucherService initialized with issuer public key: 4cb5abf6...
2025-11-07T22:51:31.819Z INFO  o.s.b.a.e.web.EndpointLinksResolver - Exposing 2 endpoints beneath base path '/actuator'
2025-11-07T22:51:31.954Z INFO  x.t.c.m.r.controller.VoucherNostrIT - Started VoucherNostrIT in 11.701 seconds (process running for 14.162)
2025-11-07T22:51:32.142Z INFO  x.t.c.m.r.CashuMintRestApplication - Diagnostics: classpath app.properties gateway.bolt11=null gateway.bolt11.sat=null
2025-11-07T22:51:32.149Z INFO  x.t.c.m.r.CashuMintRestApplication - Diagnostics: PhoenixdGateway present. package=xyz.tcheeric.gateway.phoenixd version=null
2025-11-07T22:51:32.292Z INFO  x.t.cashu.voucher.app.VoucherService - Issuing voucher: issuerId=test-merchant, unit=sat, amount=1000
2025-11-07T22:51:32.319Z DEBUG x.t.cashu.voucher.app.VoucherService - Created voucher with auto-generated ID: df652c1b-7cc9-4eda-9661-3bdb3cf8d81e
2025-11-07T22:51:32.406Z DEBUG x.t.c.v.d.VoucherSignatureService - Signed voucher df652c1b-7cc9-4eda-9661-3bdb3cf8d81e (issuerId=test-merchant) with signature length=64
2025-11-07T22:51:32.407Z DEBUG x.t.cashu.voucher.app.VoucherService - Voucher signed successfully
2025-11-07T22:51:32.413Z INFO  x.t.cashu.voucher.app.VoucherService - Voucher published to ledger: voucherId=df652c1b-7cc9-4eda-9661-3bdb3cf8d81e, status=ISSUED
2025-11-07T22:51:32.415Z WARN  x.t.cashu.voucher.app.VoucherService - Using placeholder token serialization - full implementation pending
2025-11-07T22:51:32.419Z INFO  x.t.cashu.voucher.app.VoucherService - Restoring vouchers from backup
2025-11-07T22:51:32.422Z INFO  x.t.cashu.voucher.app.VoucherService - Successfully restored 3 voucher(s)
2025-11-07T22:51:32.474Z INFO  x.t.cashu.voucher.app.VoucherService - Issuing voucher: issuerId=merchant-X, unit=sat, amount=1000
2025-11-07T22:51:32.475Z DEBUG x.t.cashu.voucher.app.VoucherService - Created voucher with auto-generated ID: 4a905683-3bce-44c6-b623-da9b32040e56
2025-11-07T22:51:32.477Z DEBUG x.t.c.v.d.VoucherSignatureService - Signed voucher 4a905683-3bce-44c6-b623-da9b32040e56 (issuerId=merchant-X) with signature length=64
2025-11-07T22:51:32.477Z DEBUG x.t.cashu.voucher.app.VoucherService - Voucher signed successfully
2025-11-07T22:51:32.478Z INFO  x.t.cashu.voucher.app.VoucherService - Voucher published to ledger: voucherId=4a905683-3bce-44c6-b623-da9b32040e56, status=ISSUED
2025-11-07T22:51:32.478Z WARN  x.t.cashu.voucher.app.VoucherService - Using placeholder token serialization - full implementation pending
2025-11-07T22:51:32.479Z INFO  x.t.cashu.voucher.app.VoucherService - Backing up 1 voucher(s)
2025-11-07T22:51:32.481Z INFO  x.t.cashu.voucher.app.VoucherService - Successfully backed up 1 voucher(s)
2025-11-07T22:51:32.491Z INFO  x.t.cashu.voucher.app.VoucherService - Restoring vouchers from backup
2025-11-07T22:51:32.491Z INFO  x.t.cashu.voucher.app.VoucherService - Successfully restored 1 voucher(s)
2025-11-07T22:51:32.507Z INFO  x.t.cashu.voucher.app.VoucherService - Issuing voucher: issuerId=merchant-1, unit=sat, amount=1000
2025-11-07T22:51:32.508Z DEBUG x.t.cashu.voucher.app.VoucherService - Created voucher with auto-generated ID: a790df01-1802-4f2b-bbb7-c228771f3dd5
2025-11-07T22:51:32.510Z DEBUG x.t.c.v.d.VoucherSignatureService - Signed voucher a790df01-1802-4f2b-bbb7-c228771f3dd5 (issuerId=merchant-1) with signature length=64
2025-11-07T22:51:32.511Z DEBUG x.t.cashu.voucher.app.VoucherService - Voucher signed successfully
2025-11-07T22:51:32.511Z INFO  x.t.cashu.voucher.app.VoucherService - Voucher published to ledger: voucherId=a790df01-1802-4f2b-bbb7-c228771f3dd5, status=ISSUED
2025-11-07T22:51:32.512Z WARN  x.t.cashu.voucher.app.VoucherService - Using placeholder token serialization - full implementation pending
2025-11-07T22:51:32.512Z INFO  x.t.cashu.voucher.app.VoucherService - Issuing voucher: issuerId=merchant-2, unit=sat, amount=2000
2025-11-07T22:51:32.513Z DEBUG x.t.cashu.voucher.app.VoucherService - Created voucher with auto-generated ID: 3e3978f4-bbc5-4ce7-89e6-4fdf6cca9fcb
2025-11-07T22:51:32.515Z DEBUG x.t.c.v.d.VoucherSignatureService - Signed voucher 3e3978f4-bbc5-4ce7-89e6-4fdf6cca9fcb (issuerId=merchant-2) with signature length=64
2025-11-07T22:51:32.515Z DEBUG x.t.cashu.voucher.app.VoucherService - Voucher signed successfully
2025-11-07T22:51:32.516Z INFO  x.t.cashu.voucher.app.VoucherService - Voucher published to ledger: voucherId=3e3978f4-bbc5-4ce7-89e6-4fdf6cca9fcb, status=ISSUED
2025-11-07T22:51:32.516Z WARN  x.t.cashu.voucher.app.VoucherService - Using placeholder token serialization - full implementation pending
2025-11-07T22:51:32.517Z INFO  x.t.cashu.voucher.app.VoucherService - Issuing voucher: issuerId=merchant-3, unit=usd, amount=5000
2025-11-07T22:51:32.517Z DEBUG x.t.cashu.voucher.app.VoucherService - Created voucher with auto-generated ID: 18765ea8-5a78-4e00-9a86-bbf6b94c54fc
2025-11-07T22:51:32.519Z DEBUG x.t.c.v.d.VoucherSignatureService - Signed voucher 18765ea8-5a78-4e00-9a86-bbf6b94c54fc (issuerId=merchant-3) with signature length=64
2025-11-07T22:51:32.519Z DEBUG x.t.cashu.voucher.app.VoucherService - Voucher signed successfully
2025-11-07T22:51:32.520Z INFO  x.t.cashu.voucher.app.VoucherService - Voucher published to ledger: voucherId=18765ea8-5a78-4e00-9a86-bbf6b94c54fc, status=ISSUED
2025-11-07T22:51:32.520Z WARN  x.t.cashu.voucher.app.VoucherService - Using placeholder token serialization - full implementation pending
2025-11-07T22:51:32.543Z INFO  x.t.cashu.voucher.app.VoucherService - Issuing voucher: issuerId=merchant-A, unit=sat, amount=5000
2025-11-07T22:51:32.544Z DEBUG x.t.cashu.voucher.app.VoucherService - Created voucher with auto-generated ID: 96a1c0b3-8f7d-4802-b2bc-ea134e89c3b5
2025-11-07T22:51:32.548Z DEBUG x.t.c.v.d.VoucherSignatureService - Signed voucher 96a1c0b3-8f7d-4802-b2bc-ea134e89c3b5 (issuerId=merchant-A) with signature length=64
2025-11-07T22:51:32.549Z DEBUG x.t.cashu.voucher.app.VoucherService - Voucher signed successfully
2025-11-07T22:51:32.550Z INFO  x.t.cashu.voucher.app.VoucherService - Voucher published to ledger: voucherId=96a1c0b3-8f7d-4802-b2bc-ea134e89c3b5, status=ISSUED
2025-11-07T22:51:32.550Z WARN  x.t.cashu.voucher.app.VoucherService - Using placeholder token serialization - full implementation pending
2025-11-07T22:51:32.551Z INFO  x.t.cashu.voucher.app.VoucherService - Issuing voucher: issuerId=merchant-B, unit=sat, amount=10000
2025-11-07T22:51:32.552Z DEBUG x.t.cashu.voucher.app.VoucherService - Created voucher with auto-generated ID: bc5e6d81-3a76-497a-a7c0-7d531e72d569
2025-11-07T22:51:32.554Z DEBUG x.t.c.v.d.VoucherSignatureService - Signed voucher bc5e6d81-3a76-497a-a7c0-7d531e72d569 (issuerId=merchant-B) with signature length=64
2025-11-07T22:51:32.554Z DEBUG x.t.cashu.voucher.app.VoucherService - Voucher signed successfully
2025-11-07T22:51:32.555Z INFO  x.t.cashu.voucher.app.VoucherService - Voucher published to ledger: voucherId=bc5e6d81-3a76-497a-a7c0-7d531e72d569, status=ISSUED
2025-11-07T22:51:32.555Z WARN  x.t.cashu.voucher.app.VoucherService - Using placeholder token serialization - full implementation pending
2025-11-07T22:51:32.555Z INFO  x.t.cashu.voucher.app.VoucherService - Issuing voucher: issuerId=merchant-C, unit=usd, amount=2500
2025-11-07T22:51:32.556Z DEBUG x.t.cashu.voucher.app.VoucherService - Created voucher with auto-generated ID: 23c7b1d0-1a06-4233-8592-f6dbf0958397
2025-11-07T22:51:32.557Z DEBUG x.t.c.v.d.VoucherSignatureService - Signed voucher 23c7b1d0-1a06-4233-8592-f6dbf0958397 (issuerId=merchant-C) with signature length=64
2025-11-07T22:51:32.558Z DEBUG x.t.cashu.voucher.app.VoucherService - Voucher signed successfully
2025-11-07T22:51:32.558Z INFO  x.t.cashu.voucher.app.VoucherService - Voucher published to ledger: voucherId=23c7b1d0-1a06-4233-8592-f6dbf0958397, status=ISSUED
2025-11-07T22:51:32.558Z WARN  x.t.cashu.voucher.app.VoucherService - Using placeholder token serialization - full implementation pending
2025-11-07T22:51:32.560Z INFO  x.t.cashu.voucher.app.VoucherService - Backing up 3 voucher(s)
2025-11-07T22:51:32.560Z INFO  x.t.cashu.voucher.app.VoucherService - Successfully backed up 3 voucher(s)
2025-11-07T22:51:32.563Z INFO  x.t.cashu.voucher.app.VoucherService - Restoring vouchers from backup
2025-11-07T22:51:32.564Z INFO  x.t.cashu.voucher.app.VoucherService - Successfully restored 3 voucher(s)
2025-11-07T22:51:32.569Z DEBUG x.t.c.v.d.VoucherSignatureService - Verified voucher 96a1c0b3-8f7d-4802-b2bc-ea134e89c3b5 (issuerId=merchant-A): VALID
2025-11-07T22:51:32.584Z INFO  x.t.cashu.voucher.app.VoucherService - Issuing voucher: issuerId=test-merchant, unit=sat, amount=5000
2025-11-07T22:51:32.585Z DEBUG x.t.cashu.voucher.app.VoucherService - Voucher will expire at: 2025-12-07T22:51:32Z (in 30 days)
2025-11-07T22:51:32.585Z DEBUG x.t.cashu.voucher.app.VoucherService - Created voucher with auto-generated ID: 4f5b1733-7eac-4f27-bb2c-ce8f9fed7639
2025-11-07T22:51:32.586Z DEBUG x.t.c.v.d.VoucherSignatureService - Signed voucher 4f5b1733-7eac-4f27-bb2c-ce8f9fed7639 (issuerId=test-merchant) with signature length=64
2025-11-07T22:51:32.587Z DEBUG x.t.cashu.voucher.app.VoucherService - Voucher signed successfully
2025-11-07T22:51:32.588Z INFO  x.t.cashu.voucher.app.VoucherService - Voucher published to ledger: voucherId=4f5b1733-7eac-4f27-bb2c-ce8f9fed7639, status=ISSUED
2025-11-07T22:51:32.588Z WARN  x.t.cashu.voucher.app.VoucherService - Using placeholder token serialization - full implementation pending
2025-11-07T22:51:32.611Z DEBUG x.t.cashu.voucher.app.VoucherService - Querying voucher status: voucherId=non-existent
2025-11-07T22:51:32.611Z DEBUG x.t.cashu.voucher.app.VoucherService - Voucher not found in ledger: voucherId=non-existent
2025-11-07T22:51:32.626Z DEBUG x.t.cashu.voucher.app.VoucherService - Querying voucher status: voucherId=test-voucher-123
2025-11-07T22:51:32.627Z DEBUG x.t.cashu.voucher.app.VoucherService - Voucher status found: voucherId=test-voucher-123, status=ISSUED
2025-11-07T22:51:32.640Z INFO  x.t.cashu.voucher.app.VoucherService - Issuing voucher: issuerId=merchant-e2e-test, unit=sat, amount=10000
2025-11-07T22:51:32.640Z DEBUG x.t.cashu.voucher.app.VoucherService - Voucher will expire at: 2026-11-07T22:51:32Z (in 365 days)
2025-11-07T22:51:32.640Z DEBUG x.t.cashu.voucher.app.VoucherService - Created voucher with auto-generated ID: 8972f414-4850-4ca3-a63a-b4ff5dd1134e
2025-11-07T22:51:32.642Z DEBUG x.t.c.v.d.VoucherSignatureService - Signed voucher 8972f414-4850-4ca3-a63a-b4ff5dd1134e (issuerId=merchant-e2e-test) with signature length=64
2025-11-07T22:51:32.642Z DEBUG x.t.cashu.voucher.app.VoucherService - Voucher signed successfully
2025-11-07T22:51:32.642Z INFO  x.t.cashu.voucher.app.VoucherService - Voucher published to ledger: voucherId=8972f414-4850-4ca3-a63a-b4ff5dd1134e, status=ISSUED
2025-11-07T22:51:32.642Z WARN  x.t.cashu.voucher.app.VoucherService - Using placeholder token serialization - full implementation pending
2025-11-07T22:51:32.644Z DEBUG x.t.c.v.d.VoucherSignatureService - Verified voucher 8972f414-4850-4ca3-a63a-b4ff5dd1134e (issuerId=merchant-e2e-test): VALID
2025-11-07T22:51:32.645Z DEBUG x.t.cashu.voucher.app.VoucherService - Querying voucher status: voucherId=8972f414-4850-4ca3-a63a-b4ff5dd1134e
2025-11-07T22:51:32.646Z DEBUG x.t.cashu.voucher.app.VoucherService - Voucher status found: voucherId=8972f414-4850-4ca3-a63a-b4ff5dd1134e, status=ISSUED
2025-11-07T22:51:32.649Z DEBUG x.t.c.v.d.VoucherSignatureService - Verified voucher 8972f414-4850-4ca3-a63a-b4ff5dd1134e (issuerId=merchant-e2e-test): VALID
2025-11-07T22:51:32.664Z INFO  x.t.cashu.voucher.app.VoucherService - Issuing voucher: issuerId=coffee-shop, unit=sat, amount=5000
2025-11-07T22:51:32.665Z DEBUG x.t.cashu.voucher.app.VoucherService - Voucher will expire at: 2025-12-07T22:51:32Z (in 30 days)
2025-11-07T22:51:32.666Z DEBUG x.t.cashu.voucher.app.VoucherService - Created voucher with auto-generated ID: 01a51486-f09b-4c5a-85bb-887724bd6d53
2025-11-07T22:51:32.667Z DEBUG x.t.c.v.d.VoucherSignatureService - Signed voucher 01a51486-f09b-4c5a-85bb-887724bd6d53 (issuerId=coffee-shop) with signature length=64
2025-11-07T22:51:32.669Z DEBUG x.t.cashu.voucher.app.VoucherService - Voucher signed successfully
2025-11-07T22:51:32.669Z INFO  x.t.cashu.voucher.app.VoucherService - Voucher published to ledger: voucherId=01a51486-f09b-4c5a-85bb-887724bd6d53, status=ISSUED
2025-11-07T22:51:32.669Z WARN  x.t.cashu.voucher.app.VoucherService - Using placeholder token serialization - full implementation pending
2025-11-07T22:51:32.669Z INFO  x.t.cashu.voucher.app.VoucherService - Issuing voucher: issuerId=book-store, unit=sat, amount=10000
2025-11-07T22:51:32.669Z DEBUG x.t.cashu.voucher.app.VoucherService - Voucher will expire at: 2026-02-05T22:51:32Z (in 90 days)
2025-11-07T22:51:32.670Z DEBUG x.t.cashu.voucher.app.VoucherService - Created voucher with auto-generated ID: 979da005-f076-4d7e-a935-61efd5f1a36a
2025-11-07T22:51:32.671Z DEBUG x.t.c.v.d.VoucherSignatureService - Signed voucher 979da005-f076-4d7e-a935-61efd5f1a36a (issuerId=book-store) with signature length=64
2025-11-07T22:51:32.671Z DEBUG x.t.cashu.voucher.app.VoucherService - Voucher signed successfully
2025-11-07T22:51:32.673Z INFO  x.t.cashu.voucher.app.VoucherService - Voucher published to ledger: voucherId=979da005-f076-4d7e-a935-61efd5f1a36a, status=ISSUED
2025-11-07T22:51:32.673Z WARN  x.t.cashu.voucher.app.VoucherService - Using placeholder token serialization - full implementation pending
2025-11-07T22:51:32.673Z INFO  x.t.cashu.voucher.app.VoucherService - Issuing voucher: issuerId=restaurant, unit=usd, amount=5000
2025-11-07T22:51:32.673Z DEBUG x.t.cashu.voucher.app.VoucherService - Voucher will expire at: 2026-01-06T22:51:32Z (in 60 days)
2025-11-07T22:51:32.674Z DEBUG x.t.cashu.voucher.app.VoucherService - Created voucher with auto-generated ID: 3d606b6d-94cb-4987-9457-62e39c7241a3
2025-11-07T22:51:32.675Z DEBUG x.t.c.v.d.VoucherSignatureService - Signed voucher 3d606b6d-94cb-4987-9457-62e39c7241a3 (issuerId=restaurant) with signature length=64
2025-11-07T22:51:32.675Z DEBUG x.t.cashu.voucher.app.VoucherService - Voucher signed successfully
2025-11-07T22:51:32.676Z INFO  x.t.cashu.voucher.app.VoucherService - Voucher published to ledger: voucherId=3d606b6d-94cb-4987-9457-62e39c7241a3, status=ISSUED
2025-11-07T22:51:32.676Z WARN  x.t.cashu.voucher.app.VoucherService - Using placeholder token serialization - full implementation pending
2025-11-07T22:51:32.677Z INFO  x.t.cashu.voucher.app.VoucherService - Backing up 3 voucher(s)
2025-11-07T22:51:32.677Z INFO  x.t.cashu.voucher.app.VoucherService - Successfully backed up 3 voucher(s)
2025-11-07T22:51:32.678Z INFO  x.t.cashu.voucher.app.VoucherService - Restoring vouchers from backup
2025-11-07T22:51:32.679Z INFO  x.t.cashu.voucher.app.VoucherService - Successfully restored 3 voucher(s)
2025-11-07T22:51:32.682Z DEBUG x.t.c.v.d.VoucherSignatureService - Verified voucher 01a51486-f09b-4c5a-85bb-887724bd6d53 (issuerId=coffee-shop): VALID
2025-11-07T22:51:32.686Z DEBUG x.t.c.v.d.VoucherSignatureService - Verified voucher 979da005-f076-4d7e-a935-61efd5f1a36a (issuerId=book-store): VALID
2025-11-07T22:51:32.689Z DEBUG x.t.c.v.d.VoucherSignatureService - Verified voucher 3d606b6d-94cb-4987-9457-62e39c7241a3 (issuerId=restaurant): VALID
2025-11-07T22:51:32.709Z INFO  x.t.cashu.voucher.app.VoucherService - Restoring vouchers from backup
2025-11-07T22:51:32.710Z INFO  x.t.cashu.voucher.app.VoucherService - Successfully restored 0 voucher(s)
2025-11-07T22:51:32.735Z INFO  x.t.cashu.voucher.app.VoucherService - Issuing voucher: issuerId=test-merchant, unit=sat, amount=5000
2025-11-07T22:51:32.736Z DEBUG x.t.cashu.voucher.app.VoucherService - Created voucher with auto-generated ID: ff15ed36-9283-46de-82d5-1999b4362550
2025-11-07T22:51:32.739Z DEBUG x.t.c.v.d.VoucherSignatureService - Signed voucher ff15ed36-9283-46de-82d5-1999b4362550 (issuerId=test-merchant) with signature length=64
2025-11-07T22:51:32.740Z DEBUG x.t.cashu.voucher.app.VoucherService - Voucher signed successfully
2025-11-07T22:51:32.741Z ERROR x.t.cashu.voucher.app.VoucherService - Failed to publish voucher to ledger: voucherId=ff15ed36-9283-46de-82d5-1999b4362550
java.lang.RuntimeException: Nostr relay unavailable
	at xyz.tcheeric.cashu.voucher.app.VoucherService.issue(VoucherService.java:181)
	at xyz.tcheeric.cashu.mint.rest.controller.VoucherNostrIT.lambda$issueVoucher_NostrPublishFails$0(VoucherNostrIT.java:185)
	at org.junit.jupiter.api.AssertThrows.assertThrows(AssertThrows.java:53)
	at org.junit.jupiter.api.AssertThrows.assertThrows(AssertThrows.java:35)
	at org.junit.jupiter.api.Assertions.assertThrows(Assertions.java:3128)
	at xyz.tcheeric.cashu.mint.rest.controller.VoucherNostrIT.issueVoucher_NostrPublishFails(VoucherNostrIT.java:184)
	at java.base/jdk.internal.reflect.DirectMethodHandleAccessor.invoke(DirectMethodHandleAccessor.java:103)
	at java.base/java.lang.reflect.Method.invoke(Method.java:580)
	at org.junit.platform.commons.util.ReflectionUtils.invokeMethod(ReflectionUtils.java:775)
	at org.junit.platform.commons.support.ReflectionSupport.invokeMethod(ReflectionSupport.java:479)
	at org.junit.jupiter.engine.execution.MethodInvocation.proceed(MethodInvocation.java:60)
	at org.junit.jupiter.engine.execution.InvocationInterceptorChain$ValidatingInvocation.proceed(InvocationInterceptorChain.java:131)
	at org.junit.jupiter.engine.extension.TimeoutExtension.intercept(TimeoutExtension.java:161)
	at org.junit.jupiter.engine.extension.TimeoutExtension.interceptTestableMethod(TimeoutExtension.java:152)
	at org.junit.jupiter.engine.extension.TimeoutExtension.interceptTestMethod(TimeoutExtension.java:91)
	at org.junit.jupiter.engine.execution.InterceptingExecutableInvoker$ReflectiveInterceptorCall.lambda$ofVoidMethod$0(InterceptingExecutableInvoker.java:112)
	at org.junit.jupiter.engine.execution.InterceptingExecutableInvoker.lambda$invoke$0(InterceptingExecutableInvoker.java:94)
	at org.junit.jupiter.engine.execution.InvocationInterceptorChain$InterceptedInvocation.proceed(InvocationInterceptorChain.java:106)
	at org.junit.jupiter.engine.execution.InvocationInterceptorChain.proceed(InvocationInterceptorChain.java:64)
	at org.junit.jupiter.engine.execution.InvocationInterceptorChain.chainAndInvoke(InvocationInterceptorChain.java:45)
	at org.junit.jupiter.engine.execution.InvocationInterceptorChain.invoke(InvocationInterceptorChain.java:37)
	at org.junit.jupiter.engine.execution.InterceptingExecutableInvoker.invoke(InterceptingExecutableInvoker.java:93)
	at org.junit.jupiter.engine.execution.InterceptingExecutableInvoker.invoke(InterceptingExecutableInvoker.java:87)
	at org.junit.jupiter.engine.descriptor.TestMethodTestDescriptor.lambda$invokeTestMethod$7(TestMethodTestDescriptor.java:216)
	at org.junit.platform.engine.support.hierarchical.ThrowableCollector.execute(ThrowableCollector.java:73)
	at org.junit.jupiter.engine.descriptor.TestMethodTestDescriptor.invokeTestMethod(TestMethodTestDescriptor.java:212)
	at org.junit.jupiter.engine.descriptor.TestMethodTestDescriptor.execute(TestMethodTestDescriptor.java:137)
	at org.junit.jupiter.engine.descriptor.TestMethodTestDescriptor.execute(TestMethodTestDescriptor.java:69)
	at org.junit.platform.engine.support.hierarchical.NodeTestTask.lambda$executeRecursively$6(NodeTestTask.java:156)
	at org.junit.platform.engine.support.hierarchical.ThrowableCollector.execute(ThrowableCollector.java:73)
	at org.junit.platform.engine.support.hierarchical.NodeTestTask.lambda$executeRecursively$8(NodeTestTask.java:146)
	at org.junit.platform.engine.support.hierarchical.Node.around(Node.java:137)
	at org.junit.platform.engine.support.hierarchical.NodeTestTask.lambda$executeRecursively$9(NodeTestTask.java:144)
	at org.junit.platform.engine.support.hierarchical.ThrowableCollector.execute(ThrowableCollector.java:73)
	at org.junit.platform.engine.support.hierarchical.NodeTestTask.executeRecursively(NodeTestTask.java:143)
	at org.junit.platform.engine.support.hierarchical.NodeTestTask.execute(NodeTestTask.java:100)
	at java.base/java.util.ArrayList.forEach(ArrayList.java:1596)
	at org.junit.platform.engine.support.hierarchical.SameThreadHierarchicalTestExecutorService.invokeAll(SameThreadHierarchicalTestExecutorService.java:41)
	at org.junit.platform.engine.support.hierarchical.NodeTestTask.lambda$executeRecursively$6(NodeTestTask.java:160)
	at org.junit.platform.engine.support.hierarchical.ThrowableCollector.execute(ThrowableCollector.java:73)
	at org.junit.platform.engine.support.hierarchical.NodeTestTask.lambda$executeRecursively$8(NodeTestTask.java:146)
	at org.junit.platform.engine.support.hierarchical.Node.around(Node.java:137)
	at org.junit.platform.engine.support.hierarchical.NodeTestTask.lambda$executeRecursively$9(NodeTestTask.java:144)
	at org.junit.platform.engine.support.hierarchical.ThrowableCollector.execute(ThrowableCollector.java:73)
	at org.junit.platform.engine.support.hierarchical.NodeTestTask.executeRecursively(NodeTestTask.java:143)
	at org.junit.platform.engine.support.hierarchical.NodeTestTask.execute(NodeTestTask.java:100)
	at java.base/java.util.ArrayList.forEach(ArrayList.java:1596)
	at org.junit.platform.engine.support.hierarchical.SameThreadHierarchicalTestExecutorService.invokeAll(SameThreadHierarchicalTestExecutorService.java:41)
	at org.junit.platform.engine.support.hierarchical.NodeTestTask.lambda$executeRecursively$6(NodeTestTask.java:160)
	at org.junit.platform.engine.support.hierarchical.ThrowableCollector.execute(ThrowableCollector.java:73)
	at org.junit.platform.engine.support.hierarchical.NodeTestTask.lambda$executeRecursively$8(NodeTestTask.java:146)
	at org.junit.platform.engine.support.hierarchical.Node.around(Node.java:137)
	at org.junit.platform.engine.support.hierarchical.NodeTestTask.lambda$executeRecursively$9(NodeTestTask.java:144)
	at org.junit.platform.engine.support.hierarchical.ThrowableCollector.execute(ThrowableCollector.java:73)
	at org.junit.platform.engine.support.hierarchical.NodeTestTask.executeRecursively(NodeTestTask.java:143)
	at org.junit.platform.engine.support.hierarchical.NodeTestTask.execute(NodeTestTask.java:100)
	at org.junit.platform.engine.support.hierarchical.SameThreadHierarchicalTestExecutorService.submit(SameThreadHierarchicalTestExecutorService.java:35)
	at org.junit.platform.engine.support.hierarchical.HierarchicalTestExecutor.execute(HierarchicalTestExecutor.java:57)
	at org.junit.platform.engine.support.hierarchical.HierarchicalTestEngine.execute(HierarchicalTestEngine.java:54)
	at org.junit.platform.launcher.core.EngineExecutionOrchestrator.execute(EngineExecutionOrchestrator.java:201)
	at org.junit.platform.launcher.core.EngineExecutionOrchestrator.execute(EngineExecutionOrchestrator.java:170)
	at org.junit.platform.launcher.core.EngineExecutionOrchestrator.execute(EngineExecutionOrchestrator.java:94)
	at org.junit.platform.launcher.core.EngineExecutionOrchestrator.lambda$execute$0(EngineExecutionOrchestrator.java:59)
	at org.junit.platform.launcher.core.EngineExecutionOrchestrator.withInterceptedStreams(EngineExecutionOrchestrator.java:142)
	at org.junit.platform.launcher.core.EngineExecutionOrchestrator.execute(EngineExecutionOrchestrator.java:58)
	at org.junit.platform.launcher.core.DefaultLauncher.execute(DefaultLauncher.java:103)
	at org.junit.platform.launcher.core.DefaultLauncher.execute(DefaultLauncher.java:85)
	at org.junit.platform.launcher.core.DelegatingLauncher.execute(DelegatingLauncher.java:47)
	at org.junit.platform.launcher.core.InterceptingLauncher.lambda$execute$1(InterceptingLauncher.java:39)
	at org.junit.platform.launcher.core.ClasspathAlignmentCheckingLauncherInterceptor.intercept(ClasspathAlignmentCheckingLauncherInterceptor.java:25)
	at org.junit.platform.launcher.core.InterceptingLauncher.execute(InterceptingLauncher.java:38)
	at org.junit.platform.launcher.core.DelegatingLauncher.execute(DelegatingLauncher.java:47)
	at org.apache.maven.surefire.junitplatform.LazyLauncher.execute(LazyLauncher.java:56)
	at org.apache.maven.surefire.junitplatform.JUnitPlatformProvider.execute(JUnitPlatformProvider.java:184)
	at org.apache.maven.surefire.junitplatform.JUnitPlatformProvider.invokeAllTests(JUnitPlatformProvider.java:148)
	at org.apache.maven.surefire.junitplatform.JUnitPlatformProvider.invoke(JUnitPlatformProvider.java:122)
	at org.apache.maven.surefire.booter.ForkedBooter.runSuitesInProcess(ForkedBooter.java:385)
	at org.apache.maven.surefire.booter.ForkedBooter.execute(ForkedBooter.java:162)
	at org.apache.maven.surefire.booter.ForkedBooter.run(ForkedBooter.java:507)
	at org.apache.maven.surefire.booter.ForkedBooter.main(ForkedBooter.java:495)
